family_name,primary_axis_name,primary_axis_level,primary_axis_value,solver_name,noise_sigma,n_runs,n_success,rmse_flux_mean,rmse_flux_std,rmse_flux_min,rmse_flux_max,ssim_flux_mean,ssim_flux_std,ssim_flux_min,ssim_flux_max,peak_localization_error_mean,peak_localization_error_std,peak_localization_error_min,peak_localization_error_max,band_error_scalar_mean,band_error_scalar_std,band_error_scalar_min,band_error_scalar_max,support_overlap_mean,support_overlap_std,support_overlap_min,support_overlap_max,runtime_seconds_mean,runtime_seconds_std,runtime_seconds_min,runtime_seconds_max
fourier_kl_smooth,n_modes,0,2,deepxde_pinn,0.1,2,2,457.05177704446646,0.7807805586025438,456.2709964858639,457.832557603069,0.007815382695339332,0.007610019702366856,0.00020536299297247644,0.015425402397706187,0.7239209048248496,0.1809802262062124,0.5429406786186372,0.904901131031062,0.9999994325064533,2.936266507713725e-07,0.9999991388798025,0.9999997261331041,0.0,0.0,0.0,0.0,4.595851378981024,1.556137805338949,3.039713573642075,6.151989184319973
fourier_kl_smooth,n_modes,0,2,deepxde_pinn,1.0,2,2,457.0449481869255,0.728826108024748,456.3161220789008,457.7737742949503,0.007932439725854905,0.007728708310115599,0.00020373141573930688,0.015661148035970504,0.47537540220280516,0.1420420688694718,0.33333333333333337,0.617417471072277,0.9999995855746601,1.1874804095590719e-07,0.9999994668266191,0.999999704322701,0.0,0.0,0.0,0.0,3.016713673248887,0.005733105354011059,3.010980567894876,3.022446778602898
fourier_kl_smooth,n_modes,0,2,fast_bayesian,0.1,2,2,213.0918357556128,54.586458746768514,158.5053770088443,267.67829450238133,0.8235098057387757,0.09403994205955774,0.7294698636792181,0.9175497477983335,0.5218807277127923,0.15992027530036748,0.36196045241242475,0.6818010030131597,0.4536196294683337,0.06325238366051181,0.39036724580782184,0.5168720131288455,0.8296875,0.029687499999999978,0.8,0.859375,0.0025585764087736607,2.5361310690641403e-05,0.0025332150980830193,0.002583937719464302
fourier_kl_smooth,n_modes,0,2,fast_bayesian,1.0,2,2,217.79915121333642,58.42655389191452,159.3725973214219,276.22570510525094,0.8216889283713869,0.09502649264484725,0.7266624357265397,0.9167154210162342,0.5218807277127923,0.15992027530036748,0.36196045241242475,0.6818010030131597,0.47191576346681163,0.04628464093993814,0.42563112252687346,0.5182004044067497,0.8244035719045715,0.021124883379981363,0.8032786885245902,0.8455284552845529,0.003477383404970169,0.0008829645812511444,0.0025944188237190247,0.0043603479862213135
fourier_kl_smooth,n_modes,0,2,tikhonov_2d,0.1,2,2,396.43534410813913,62.787084445447164,333.64825966269194,459.22242855358627,0.2512476324939164,0.24501208077694817,0.006235551716968262,0.4962597132708646,0.8529437549906216,0.41391782845286507,0.4390259265377566,1.2668615834434866,0.7476479067415407,0.24972749516598722,0.4979204115755535,0.9973754019075279,0.41605839416058393,0.41605839416058393,0.0,0.8321167883211679,0.0015920279547572136,0.0002466030418872833,0.0013454249128699303,0.001838630996644497
fourier_kl_smooth,n_modes,0,2,tikhonov_2d,1.0,2,2,503.78277956792647,181.17769973869437,322.6050798292321,684.9604793066209,0.3327729552210812,0.37624157267240266,-0.043468617451321453,0.7090145278934838,0.18253968253968253,0.03968253968253968,0.14285714285714285,0.2222222222222222,1.30265999791706,0.6529987617857602,0.6496612361312998,1.9556587597028203,0.8191687871077185,0.025275657336726043,0.7938931297709924,0.8444444444444444,0.0013123303651809692,4.282314330339432e-05,0.001269507221877575,0.0013551535084843636
fourier_kl_smooth,n_modes,0,2,tsvd_2d,0.1,2,2,234.54330014714782,39.6862054920915,194.85709465505633,274.22950563923933,0.827337865089874,0.043144255724731795,0.7841936093651422,0.8704821208146057,0.5218807277127923,0.15992027530036748,0.36196045241242475,0.6818010030131597,0.4985888089230225,0.02763881611944366,0.4709499928035788,0.5262276250424661,0.8538307711536057,0.01918510186226724,0.8346456692913385,0.873015873015873,0.004009095951914787,0.00021999608725309372,0.0037890998646616936,0.004229092039167881
fourier_kl_smooth,n_modes,0,2,tsvd_2d,1.0,2,2,235.42648610967893,40.654476560086835,194.7720095495921,276.08096266976577,0.8095808532827649,0.06241665477671787,0.747164198506047,0.8719975080594827,0.5218807277127923,0.15992027530036748,0.36196045241242475,0.6818010030131597,0.49030448537520743,0.013251743720132242,0.4770527416550752,0.5035562290953397,0.8480542754736303,0.006784434203789047,0.8412698412698413,0.8548387096774194,0.004232620820403099,0.00047820620238780975,0.0037544146180152893,0.004710827022790909
fourier_kl_smooth,n_modes,1,4,deepxde_pinn,0.1,2,2,435.08175498509536,7.027712016295624,428.05404296879976,442.109467001391,0.007019062773223753,0.006716895429607219,0.00030216734361653393,0.013735958202830972,0.8730854861504516,0.03181564488061034,0.8412698412698413,0.904901131031062,0.9999991740592278,5.643688823497861e-07,0.9999986096903455,0.9999997384281102,0.0,0.0,0.0,0.0,2.986478819511831,0.002325465902686119,2.9841533536091447,2.988804285414517
fourier_kl_smooth,n_modes,1,4,deepxde_pinn,1.0,2,2,435.05503862166864,7.12611222341053,427.9289263982581,442.1811508450792,0.006925476807015693,0.0066203947836754535,0.00030508202334023944,0.013545871590691146,0.44173518549110047,0.0027092589533439793,0.4390259265377565,0.4444444444444445,0.9999995926478433,1.0244916665014259e-07,0.9999994901986766,0.9999996950970099,0.0,0.0,0.0,0.0,3.0136246480979025,0.011001260485500097,3.0026233876124024,3.0246259085834026
fourier_kl_smooth,n_modes,1,4,fast_bayesian,0.1,2,2,238.99753862204977,38.04683015579326,200.95070846625651,277.04436877784303,0.7635529374409665,0.0872869688804373,0.6762659685605292,0.8508399063214038,0.4729903187850976,0.2088106842280621,0.2641796345570355,0.6818010030131597,0.5475871863670243,0.003373066633883648,0.5442141197331406,0.5509602530009079,0.829991703539823,0.0018667035398229892,0.828125,0.831858407079646,0.0025711343623697758,1.1115334928035736e-06,0.002570022828876972,0.0025722458958625793
fourier_kl_smooth,n_modes,1,4,fast_bayesian,1.0,2,2,243.63401574261064,42.02709826075278,201.60691748185786,285.6611140033634,0.7925058358554959,0.057471667865097664,0.7350341679903982,0.8499775037205936,0.4313906146096861,0.2504103884034736,0.1809802262062124,0.6818010030131597,0.5548117511955426,0.0021575463781280946,0.5526542048174146,0.5569692975736708,0.8131724137931033,0.0028275862068965485,0.8103448275862069,0.816,0.002577701583504677,9.96515154838562e-07,0.0025767050683498383,0.0025786980986595154
fourier_kl_smooth,n_modes,1,4,tikhonov_2d,0.1,2,2,387.56707782804585,55.59570280173102,331.97137502631483,443.1627806297769,0.224351767175556,0.2173197322980176,0.0070320348775384225,0.4416714994735736,0.8147587228137412,0.45210286062974553,0.36265586218399565,1.2668615834434866,0.8239049613458831,0.17430561683560747,0.6495993445102756,0.9982105781814905,0.3870967741935484,0.3870967741935484,0.0,0.7741935483870968,0.0012943428009748459,1.050904393196106e-05,0.0012838337570428848,0.001304851844906807
fourier_kl_smooth,n_modes,1,4,tikhonov_2d,1.0,2,2,460.96479297359105,169.37056741054647,291.5942255630446,630.3353603841375,0.30099040095224744,0.4126794496332474,-0.11168904868099996,0.7136698505854948,0.2016012242142173,0.020620998008004904,0.1809802262062124,0.2222222222222222,0.8744677912059796,0.6046884092439201,0.26977938196205953,1.4791562004498997,0.8412206988058382,0.0008845643520565827,0.8403361344537815,0.8421052631578947,0.0012780087999999523,6.754416972398758e-06,0.0012712543830275536,0.001284763216972351
fourier_kl_smooth,n_modes,1,4,tsvd_2d,0.1,2,2,247.26381717965805,37.14146286871815,210.1223543109399,284.4052800483762,0.7730505591727339,0.06018501695705325,0.7128655422156807,0.8332355761297872,0.4729903187850976,0.2088106842280621,0.2641796345570355,0.6818010030131597,0.5666602610962261,0.006428611782500426,0.5602316493137257,0.5730888728787266,0.8310287610619469,0.018528761061946897,0.8125,0.8495575221238938,0.0037595112808048725,3.803987056016922e-06,0.0037557072937488556,0.0037633152678608894
fourier_kl_smooth,n_modes,1,4,tsvd_2d,1.0,2,2,248.2641248626187,37.95351310644851,210.31061175617018,286.2176379690672,0.79064370264246,0.043089539881172645,0.7475541627612874,0.8337332425236327,0.4729903187850976,0.2088106842280621,0.2641796345570355,0.6818010030131597,0.5569734432411273,0.015045120229578657,0.5419283230115486,0.5720185634707059,0.8290916760404949,0.010194038245219361,0.8188976377952756,0.8392857142857143,0.0037904013879597187,2.1918676793575287e-06,0.003788209520280361,0.0037925932556390762
fourier_kl_smooth,n_modes,2,8,deepxde_pinn,0.1,2,2,403.57403580785456,21.365206715802003,382.20882909205255,424.93924252365656,0.007343965875034942,0.006832942872662271,0.0005110230023726714,0.014176908747697213,0.5765342617229622,0.31235462716592666,0.2641796345570355,0.8888888888888888,0.9999996494304697,3.2021039991780853e-07,0.9999993292200698,0.9999999696408697,0.0,0.0,0.0,0.0,2.9955868371762335,0.002739588264375925,2.9928472489118576,2.9983264254406095
fourier_kl_smooth,n_modes,2,8,deepxde_pinn,1.0,2,2,403.5630276779579,21.33545411371739,382.2275735642405,424.8984817916753,0.0074227941391981815,0.0069190658992826035,0.0005037282399155777,0.014341860038480786,0.7602746139294199,0.4745603282151341,0.2857142857142857,1.234834942144554,0.99999962932515,2.508362810793585e-07,0.9999993784888689,0.999999880161431,0.0,0.0,0.0,0.0,2.9857880002819,0.0015468294732272625,2.984241170808673,2.9873348297551274
fourier_kl_smooth,n_modes,2,8,fast_bayesian,0.1,2,2,239.58567793327273,39.27839703627501,200.30728089699772,278.86407496954774,0.7387257601559498,0.073569935132545,0.6651558250234048,0.8122956952884948,0.5274840619477605,0.26330442739072507,0.2641796345570355,0.7907884893384857,0.5533836276233749,0.004804062951203614,0.5485795646721713,0.5581876905745785,0.8086666666666666,0.02466666666666667,0.784,0.8333333333333334,0.00257971603423357,8.46758484840393e-06,0.002571248449385166,0.002588183619081974
fourier_kl_smooth,n_modes,2,8,fast_bayesian,1.0,2,2,244.50473823056456,43.1499466438937,201.35479158667087,287.65468487445827,0.7575157124801017,0.05311194081122034,0.7044037716688814,0.810627653291322,0.48588435777234906,0.3049041315661366,0.1809802262062124,0.7907884893384857,0.5643165404690795,0.004986654063681206,0.5593298864053984,0.5693031945327608,0.8032786885245902,0.032786885245901676,0.7704918032786885,0.8360655737704918,0.0025996933691203594,2.2634398192167282e-05,0.002577058970928192,0.0026223277673125267
fourier_kl_smooth,n_modes,2,8,tikhonov_2d,0.1,2,2,364.33056276088564,61.43199941465562,302.89856334623005,425.7625621755413,0.21426166721696804,0.20542921691372285,0.008832450303245207,0.4196908841306909,0.8503054076915698,0.48764954550757417,0.36265586218399565,1.337954953199144,0.8729778949065321,0.12547582168721355,0.7475020732193186,0.9984537165937457,0.4076923076923077,0.4076923076923077,0.0,0.8153846153846154,0.0013380572199821472,9.955838322639465e-06,0.0013281013816595078,0.0013480130583047867
fourier_kl_smooth,n_modes,2,8,tikhonov_2d,1.0,2,2,439.3720720520016,165.67209566630285,273.6999763856988,605.0441677183045,0.28089322523513943,0.3984937827699399,-0.11760055753480046,0.6793870080050793,0.18764537283407334,0.07653426172296218,0.11111111111111116,0.2641796345570355,0.9682297103477117,0.4839472063745941,0.4842825039731175,1.4521769167223058,0.8385703296053021,0.014142848689271514,0.8244274809160306,0.8527131782945736,0.0013032169081270695,2.0751263946294785e-05,0.0012824656441807747,0.0013239681720733643
fourier_kl_smooth,n_modes,2,8,tsvd_2d,0.1,2,2,246.12666513061103,39.00938463428727,207.11728049632376,285.1360497648983,0.7405853817700387,0.05456527797734456,0.6860201037926942,0.7951506597473833,0.5274840619477605,0.26330442739072507,0.2641796345570355,0.7907884893384857,0.5696878173013196,0.008846708491783983,0.5608411088095355,0.5785345257931035,0.817,0.032999999999999974,0.784,0.85,0.003739110194146633,6.351619958877563e-07,0.0037384750321507454,0.003739745356142521
fourier_kl_smooth,n_modes,2,8,tsvd_2d,1.0,2,2,247.2422156508025,39.78690570939487,207.45530994140765,287.0291213601974,0.7583828514045092,0.036858629579594904,0.7215242218249143,0.7952414809841041,0.5274840619477605,0.26330442739072507,0.2641796345570355,0.7907884893384857,0.5620109823924049,0.014292372641024731,0.5477186097513802,0.5763033550334297,0.8020086083213773,0.021520803443328518,0.7804878048780488,0.8235294117647058,0.0037873266264796257,8.677132427692413e-06,0.0037786494940519333,0.003796003758907318
gaussian_localized,sigma_y_frac,0,0.05,deepxde_pinn,0.1,2,2,101.74488915173205,0.021528087189913947,101.72336106454215,101.76641723892197,0.0016903006526906733,6.739376880015799e-05,0.0016229068838905154,0.0017576944214908314,0.572888370093174,0.044529100979102954,0.528359269114071,0.617417471072277,0.9924650869610956,0.0017302225959851536,0.9907348643651105,0.9941953095570808,0.0,0.0,0.0,0.0,3.0194320306181908,0.007961799390614033,3.0114702312275767,3.027393830008805
gaussian_localized,sigma_y_frac,0,0.05,deepxde_pinn,1.0,2,2,101.73681242853507,0.007363007907592589,101.72944942062747,101.74417543644266,0.0016599257240233342,5.221793818856353e-05,0.0016077077858347706,0.0017121436622118977,0.595523195847133,0.021894275225143978,0.573628920621989,0.617417471072277,0.9973086917678788,0.00027964853041273496,0.9970290432374661,0.9975883402982916,0.0,0.0,0.0,0.0,3.0153435501269996,0.004658134188503027,3.0106854159384966,3.0200016843155026
gaussian_localized,sigma_y_frac,0,0.05,fast_bayesian,0.1,2,2,54.13467919628043,0.9669458825235502,53.167733313756884,55.101625078803984,0.8632367894743342,0.004801403255926873,0.8584353862184073,0.8680381927302611,0.0,0.0,0.0,0.0,60.834104221590025,3.9339865929024604,56.90011762868756,64.76809081449248,0.5120327700972862,0.004096262160778297,0.5079365079365079,0.5161290322580645,0.002579186111688614,4.76837158203125e-07,0.0025787092745304108,0.002579662948846817
gaussian_localized,sigma_y_frac,0,0.05,fast_bayesian,1.0,2,2,81.95695856437533,19.384992067206177,62.57196649716916,101.34195063158151,0.7354406104517033,0.08960913400319398,0.6458314764485094,0.8250497444548973,0.05555555555555558,0.05555555555555558,0.0,0.11111111111111116,161.10442336295915,87.55883389653722,73.54558946642194,248.6632572594964,0.4355555555555556,0.008888888888888863,0.4266666666666667,0.4444444444444444,0.002578337676823139,5.836598575115204e-06,0.002572501078248024,0.0025841742753982544
gaussian_localized,sigma_y_frac,0,0.05,tikhonov_2d,0.1,2,2,78.0059135682659,0.1608011650107244,77.84511240325517,78.16671473327662,0.6897521929772779,1.7009471734497073e-05,0.6897351835055434,0.6897692024490124,0.05555555555555558,0.05555555555555558,0.0,0.11111111111111116,249.6470451433763,9.568322205913745,240.07872293746254,259.21536734929003,0.4025316455696203,0.002531645569620239,0.4,0.4050632911392405,0.0013105007819831371,3.080116584897041e-05,0.0012796996161341667,0.0013413019478321075
gaussian_localized,sigma_y_frac,0,0.05,tikhonov_2d,1.0,2,2,86.22698720943438,2.3304081542677153,83.89657905516667,88.5573953637021,0.5958334405690247,0.015470158987761717,0.5803632815812629,0.6113035995567864,0.11111111111111113,2.7755575615628914e-17,0.1111111111111111,0.11111111111111116,278.3470484522904,7.219720226692516,271.12732822559786,285.5667686789829,0.40512820512820513,0.00512820512820511,0.4,0.41025641025641024,0.0012947330251336098,1.724250614643097e-05,0.0012774905189871788,0.0013119755312800407
gaussian_localized,sigma_y_frac,0,0.05,tsvd_2d,0.1,2,2,58.6508035180771,0.5197212205449304,58.13108229753217,59.17052473862203,0.8167053823428037,0.0034226120386925407,0.8132827703041111,0.8201279943814962,0.11111111111111116,0.0,0.11111111111111116,0.11111111111111116,51.78457777209094,2.0854354523277934,49.69914231976315,53.870013224418734,0.4706900281202682,0.006921912178239231,0.463768115942029,0.47761194029850745,0.0037648463621735573,7.684342563152313e-06,0.003757162019610405,0.0037725307047367096
gaussian_localized,sigma_y_frac,0,0.05,tsvd_2d,1.0,2,2,70.41256026010419,8.153169984777676,62.25939027532651,78.56573024488186,0.7659533100173541,0.043711777835225785,0.7222415321821284,0.80966508785258,0.1111111111111111,0.1111111111111111,0.0,0.2222222222222222,69.20299300342198,24.22120902590805,44.981783977513935,93.42420202933003,0.4706900281202682,0.006921912178239231,0.463768115942029,0.47761194029850745,0.00373866967856884,4.097912460565567e-05,0.0036976905539631844,0.0037796488031744957
gaussian_localized,sigma_y_frac,1,0.15,deepxde_pinn,0.1,2,2,272.3066455527969,0.029461265947389847,272.27718428684955,272.3361068187443,0.0007486128229802932,1.3980815226025708e-05,0.0007346320077542675,0.000762593638206319,0.6706691879485632,0.05325171687628627,0.617417471072277,0.7239209048248495,0.9662897406597546,0.010516484445313112,0.9557732562144414,0.9768062251050676,0.0,0.0,0.0,0.0,3.01445937436074,0.004827528260648251,3.009631846100092,3.0192869026213884
gaussian_localized,sigma_y_frac,1,0.15,deepxde_pinn,1.0,2,2,272.3612861002618,0.009536807822144056,272.35174929243965,272.37082290808394,0.0007340151710229011,1.2808014753718107e-05,0.000721207156269183,0.0007468231857766192,0.6706691879485632,0.05325171687628627,0.617417471072277,0.7239209048248495,0.9686416065419015,0.002306221271844766,0.9663353852700567,0.9709478278137462,0.0,0.0,0.0,0.0,3.010840641334653,0.0028428006917238235,3.007997840642929,3.0136834420263767
gaussian_localized,sigma_y_frac,1,0.15,fast_bayesian,0.1,2,2,42.44452122749419,0.20521876163173403,42.23930246586246,42.649739989125926,0.9829812519912486,0.0001742252143004941,0.9828070267769481,0.9831554772055491,0.11111111111111116,0.0,0.11111111111111116,0.11111111111111116,620.2991021443823,23.215697717929515,597.0834044264528,643.5147998623119,0.9242937853107345,0.009039548022598876,0.9152542372881356,0.9333333333333333,0.003514946438372135,0.0009294357150793076,0.0025855107232928276,0.004444382153451443
gaussian_localized,sigma_y_frac,1,0.15,fast_bayesian,1.0,2,2,73.03993175573882,15.576927138152673,57.463004617586144,88.61685889389149,0.951725946869308,0.01501872259306708,0.936707224276241,0.9667446694623751,0.05555555555555558,0.05555555555555558,0.0,0.11111111111111116,1023.5344501418779,380.98233263215764,642.5521175097202,1404.5167827740354,0.8055555555555556,0.08333333333333331,0.7222222222222222,0.8888888888888888,0.0025804098695516586,5.2265822887420654e-06,0.0025751832872629166,0.0025856364518404007
gaussian_localized,sigma_y_frac,1,0.15,tikhonov_2d,0.1,2,2,168.48757906571,0.0644561171803133,168.4231229485297,168.55203518289034,0.6819451377075414,0.0006799541387491614,0.6812651835687922,0.6826250918462905,0.0,0.0,0.0,0.0,2260.4623401608055,26.876632596980016,2233.5857075638255,2287.3389727577855,0.7671232876712328,0.0,0.7671232876712328,0.7671232876712328,0.0013427338562905788,1.5020836144685745e-05,0.001327713020145893,0.0013577546924352646
gaussian_localized,sigma_y_frac,1,0.15,tikhonov_2d,1.0,2,2,137.63081319810703,32.03062629508463,105.6001869030224,169.66143949319166,0.7910893056591024,0.11349810210377803,0.6775912035553243,0.9045874077628804,0.05555555555555558,0.05555555555555558,0.0,0.11111111111111116,7977.620523649334,5436.717223021185,2540.9033006281484,13414.33774667052,0.6918328584995251,0.00047483380816715215,0.691358024691358,0.6923076923076923,0.0012996825389564037,4.098517820239067e-05,0.001258697360754013,0.0013406677171587944
gaussian_localized,sigma_y_frac,1,0.15,tsvd_2d,0.1,2,2,83.9278542223663,0.06934729697380959,83.85850692539249,83.99720151934011,0.9305982083922386,0.0004449989399923915,0.9301532094522462,0.931043207332231,0.11111111111111116,0.0,0.11111111111111116,0.11111111111111116,624.0909969958741,15.029837809869207,609.0611591860048,639.1208348057432,0.8615384615384616,0.0,0.8615384615384616,0.8615384615384616,0.0037255831994116306,1.7476268112659454e-06,0.0037238355726003647,0.0037273308262228966
gaussian_localized,sigma_y_frac,1,0.15,tsvd_2d,1.0,2,2,91.1840801698832,2.3146935545760527,88.86938661530715,93.49877372445926,0.920677208304018,3.120602252754123e-05,0.9206460022814905,0.9207084143265456,0.16666666666666669,0.055555555555555525,0.11111111111111116,0.2222222222222222,709.5891887032928,160.81375821192313,548.7754304913697,870.4029469152159,0.8682692307692308,0.006730769230769207,0.8615384615384616,0.875,0.0037492490373551846,3.750482574105263e-05,0.003711744211614132,0.003786753863096237
gaussian_localized,sigma_y_frac,2,0.3,deepxde_pinn,0.1,2,2,383.9603684301335,0.019138221166230096,383.9412302089672,383.9795066512997,0.0002536011680951016,1.750931674973172e-05,0.00023609185134536987,0.0002711104848448333,0.617417471072277,0.0,0.617417471072277,0.617417471072277,1.7017870247710638,0.24226883638557006,1.4595181883854937,1.9440558611566339,0.0,0.0,0.0,0.0,3.028127998113632,0.009664527140557766,3.0184634709730744,3.03779252525419
gaussian_localized,sigma_y_frac,2,0.3,deepxde_pinn,1.0,2,2,383.9991438204894,0.009131242092081493,383.99001257839734,384.0082750625815,0.0002397168234309888,2.703635350493331e-06,0.00023701318808049546,0.00024242045878148212,0.6706691879485632,0.05325171687628627,0.617417471072277,0.7239209048248495,1.1623472774242907,0.036189546297156094,1.1261577311271345,1.1985368237214467,0.0,0.0,0.0,0.0,3.025392815936357,0.0007378789596259594,3.024654936976731,3.0261306948959827
gaussian_localized,sigma_y_frac,2,0.3,fast_bayesian,0.1,2,2,51.28903972726128,0.13083902413508852,51.15820070312619,51.41987875139637,0.981566222602994,1.1242308158354586e-05,0.9815549802948356,0.9815774649111523,0.11111111111111116,0.0,0.11111111111111116,0.11111111111111116,7669.103441483717,423.029306872666,7246.074134611051,8092.132748356383,0.9444444444444444,0.0,0.9444444444444444,0.9444444444444444,0.0025617103092372417,1.231348142027855e-05,0.002549396827816963,0.0025740237906575203
gaussian_localized,sigma_y_frac,2,0.3,fast_bayesian,1.0,2,2,78.65826449314777,14.244142383592362,64.41412210955541,92.90240687674013,0.9564447958666221,0.012894450642164879,0.9435503452244572,0.969339246508787,0.05555555555555558,0.05555555555555558,0.0,0.11111111111111116,15755.85753162447,7792.716410263865,7963.141121360604,23548.573941888335,0.9058880308880309,0.013030888030888033,0.8928571428571429,0.918918918918919,0.0025759227573871613,6.891787052154541e-08,0.0025758538395166397,0.002575991675257683
gaussian_localized,sigma_y_frac,2,0.3,tikhonov_2d,0.1,2,2,231.4348327711759,0.03707080073067459,231.39776197044523,231.47190357190658,0.44310145380951127,0.0011249555138903855,0.4419764982956209,0.4442264093234017,0.1809802262062124,0.0,0.1809802262062124,0.1809802262062124,33806.67659323886,1293.0627951516453,32513.61379808721,35099.7393883905,0.8235294117647058,0.0,0.8235294117647058,0.8235294117647058,0.0013959724456071854,5.714036524295807e-05,0.0013388320803642273,0.0014531128108501434
gaussian_localized,sigma_y_frac,2,0.3,tikhonov_2d,1.0,2,2,149.4672324600653,39.186281379550515,110.28095108051478,188.6535138396158,0.8420856047030671,0.07200920484795675,0.7700763998551103,0.9140948095510238,0.05555555555555558,0.05555555555555558,0.0,0.11111111111111116,831093.6767298048,648790.8438819089,182302.83284789594,1479884.5206117136,0.8068081343943413,0.013704686118479192,0.7931034482758621,0.8205128205128205,0.001300788950175047,2.7682166546583176e-05,0.0012731067836284637,0.00132847111672163
gaussian_localized,sigma_y_frac,2,0.3,tsvd_2d,0.1,2,2,113.7755669197217,0.04702558422938807,113.72854133549231,113.82259250395109,0.8937996443278216,0.0007959702573650529,0.8930036740704566,0.8945956145851867,0.11111111111111116,0.0,0.11111111111111116,0.11111111111111116,15420.642655930573,375.3180442835537,15045.324611647018,15795.960700214126,0.8907563025210085,0.0,0.8907563025210085,0.8907563025210085,0.004436243325471878,0.0006728861480951309,0.003763357177376747,0.005109129473567009
gaussian_localized,sigma_y_frac,2,0.3,tsvd_2d,1.0,2,2,119.14420140513158,1.8109255285748276,117.33327587655675,120.95512693370641,0.8872970822854053,0.0042250390834666085,0.8830720432019387,0.8915221213688719,0.16666666666666669,0.055555555555555525,0.11111111111111116,0.2222222222222222,17056.824013603735,3999.9510262490658,13056.872987354669,21056.7750398528,0.8851224105461393,0.003766478342749513,0.8813559322033898,0.8888888888888888,0.003777888137847185,3.636768087744713e-05,0.003741520456969738,0.0038142558187246323
matern_grf,corr_length_frac,0,0.3,deepxde_pinn,0.1,2,2,405.2513483626757,0.9098530905500581,404.34149527212566,406.1612014532258,0.0038112761849156854,0.0004968068665009311,0.003314469318414754,0.0043080830514166165,0.679248584044968,0.4150689494879325,0.2641796345570355,1.0943175335329005,0.9999997532221948,8.269585016762449e-10,0.9999997523952363,0.9999997540491533,0.0,0.0,0.0,0.0,2.9974877848289907,0.0056146313436329365,2.9918731534853578,3.0031024161726236
matern_grf,corr_length_frac,0,0.3,deepxde_pinn,1.0,2,2,405.23758590636663,0.941346360772684,404.29623954559395,406.1789322671393,0.0038260829942418943,0.0004558924974865611,0.003370190496755333,0.004281975491728455,0.6342679515598141,0.5231568404487029,0.11111111111111116,1.157424792008517,0.9999997527810996,1.0055866850322559e-07,0.9999996522224311,0.9999998533397682,0.0,0.0,0.0,0.0,2.99148280499503,0.006615284364670515,2.9848675206303596,2.9980980893597007
matern_grf,corr_length_frac,0,0.3,fast_bayesian,0.1,2,2,361.0837445865161,16.07934166546937,345.00440292104673,377.1630862519855,0.276056528789397,0.07200866926888741,0.20404785952050958,0.3480651980582844,0.07142857142857145,0.07142857142857145,0.0,0.1428571428571429,0.7774419940856029,0.10381643837953991,0.673625555706063,0.8812584324651428,0.5557786702365015,0.07385095939312808,0.4819277108433735,0.6296296296296297,0.002548198215663433,8.322298526763916e-06,0.002539875917136669,0.002556520514190197
matern_grf,corr_length_frac,0,0.3,fast_bayesian,1.0,2,2,364.08934291510536,21.0864164723356,343.00292644276976,385.17575938744096,0.28451720280814063,0.0652749341919531,0.2192422686161875,0.3497921370000937,0.07142857142857145,0.07142857142857145,0.0,0.1428571428571429,0.7085275775740916,0.0674375301655809,0.6410900474085107,0.7759651077396725,0.6476610767872903,0.00688437775816414,0.6407766990291263,0.6545454545454545,0.0025668046437203884,2.1079089492559433e-05,0.002545725554227829,0.002587883733212948
matern_grf,corr_length_frac,0,0.3,tikhonov_2d,0.1,2,2,396.13801569704424,2.420050522909918,393.71796517413435,398.5580662199542,0.05840277921250937,0.00241884146119788,0.0559839377513115,0.060821620673707256,0.24320092838962887,0.020978706167406658,0.2222222222222222,0.2641796345570355,0.9635566653149171,0.023178483915136328,0.9403781813997808,0.9867351492300535,0.2631578947368421,0.2631578947368421,0.0,0.5263157894736842,0.001434070523828268,1.56438909471035e-05,0.0014184266328811646,0.0014497144147753716
matern_grf,corr_length_frac,0,0.3,tikhonov_2d,1.0,2,2,395.567246414725,3.198452762142182,392.3687936525828,398.76569917686714,0.06338454306753424,0.006878027313562029,0.05650651575397222,0.07026257038109628,0.24320092838962887,0.020978706167406658,0.2222222222222222,0.2641796345570355,0.95587453508833,0.0256552559496252,0.9302192791387048,0.9815297910379552,0.2828282828282828,0.2828282828282828,0.0,0.5656565656565656,0.001423051580786705,1.0797753930091858e-05,0.0014122538268566132,0.0014338493347167969
matern_grf,corr_length_frac,0,0.3,tsvd_2d,0.1,2,2,373.7812535402976,11.278779786294336,362.50247375400323,385.0600333265919,0.19774066687445763,0.06578800392035904,0.1319526629540986,0.2635286707948167,0.1460456686586618,0.034934557547550635,0.11111111111111116,0.18098022620621243,0.8652326877416687,0.0734708842408916,0.7917618035007771,0.9387035719825603,0.40708333333333335,0.11375000000000002,0.29333333333333333,0.5208333333333334,0.008670245297253132,0.00494048185646534,0.003729763440787792,0.013610727153718472
matern_grf,corr_length_frac,0,0.3,tsvd_2d,1.0,2,2,376.23643372088804,14.625775951166219,361.61065776972185,390.8622096720543,0.2030284711696198,0.06762785625055075,0.13540061491906905,0.27065632742017054,0.1460456686586618,0.034934557547550635,0.11111111111111116,0.18098022620621243,0.8170980521356589,0.07858095627533634,0.7385170958603225,0.8956790084109952,0.5127133402995472,0.05294322535701845,0.45977011494252873,0.5656565656565656,0.003734569065272808,2.2307969629764557e-05,0.0037122610956430435,0.0037568770349025726
matern_grf,corr_length_frac,1,0.12,deepxde_pinn,0.1,2,2,385.8950402965423,33.252248806524904,352.6427914900174,419.1472891030672,0.002658671372178214,0.001179096056368088,0.001479575315810126,0.0038377674285463024,0.20160122421421728,0.020620998008004918,0.18098022620621237,0.2222222222222222,0.9999998687955673,4.497952105220193e-08,0.9999998238160462,0.9999999137750883,0.0,0.0,0.0,0.0,2.9876228873617947,0.0026446408592164516,2.9849782465025783,2.990267528221011
matern_grf,corr_length_frac,1,0.12,deepxde_pinn,1.0,2,2,385.8907820367771,33.26755531885459,352.62322671792253,419.1583373556317,0.0026696237222089713,0.001208790612990176,0.0014608331092187956,0.0038784143351991473,0.5984748481233013,0.45561770526615847,0.1428571428571429,1.0540925533894598,0.9999996612007171,2.2800134497069635e-07,0.9999994331993721,0.9999998892020621,0.0,0.0,0.0,0.0,2.986308466643095,0.012188653461635113,2.97411981318146,2.99849712010473
matern_grf,corr_length_frac,1,0.12,fast_bayesian,0.1,2,2,391.9988025711666,49.197233590770196,342.8015689803964,441.1960361619368,0.10077861304558858,0.1049307429675001,-0.00415212992191152,0.20570935601308868,0.40638152548095785,0.2952704143698468,0.11111111111111105,0.7016519398508047,0.7940885231012216,0.08471134279184145,0.7093771803093801,0.878799865893063,0.5420267934312878,0.09258859118409679,0.449438202247191,0.6346153846153846,0.0025810478255152702,2.223718911409378e-05,0.0025588106364011765,0.002603285014629364
matern_grf,corr_length_frac,1,0.12,fast_bayesian,1.0,2,2,388.3789289254059,48.32486527413357,340.0540636512723,436.70379419953946,0.12426580747284202,0.09356853879101446,0.03069726868182757,0.21783434626385648,0.40638152548095785,0.2952704143698468,0.11111111111111105,0.7016519398508047,0.7809474949943789,0.05436108024890479,0.7265864147454741,0.8353085752432837,0.572468162522741,0.015767131594906003,0.5567010309278351,0.5882352941176471,0.0026156441308557987,1.7360318452119827e-05,0.002598283812403679,0.0026330044493079185
matern_grf,corr_length_frac,1,0.12,tikhonov_2d,0.1,2,2,410.4898561390189,63.525437411303955,346.964418727715,474.0152935503229,0.026274750713483123,0.014891338810892722,0.0113834119025904,0.041166089524375844,0.4793790019919951,0.29839877578578267,0.18098022620621243,0.7777777777777778,0.8045881312349092,0.12362130892882933,0.6809668223060799,0.9282094401637385,0.3163265306122449,0.3163265306122449,0.0,0.6326530612244898,0.001394911203533411,2.6361551135778427e-05,0.0013685496523976326,0.0014212727546691895
matern_grf,corr_length_frac,1,0.12,tikhonov_2d,1.0,2,2,419.7349647668536,72.932461713353,346.8025030535006,492.6674264802066,0.033310716002409334,0.010035591582352945,0.02327512442005639,0.04334630758476228,0.4793790019919951,0.29839877578578267,0.18098022620621243,0.7777777777777778,0.7507184749224758,0.16130635086997608,0.5894121240524998,0.9120248257924519,0.3137254901960784,0.3137254901960784,0.0,0.6274509803921569,0.0015741689130663872,0.00013727881014347076,0.0014368901029229164,0.001711447723209858
matern_grf,corr_length_frac,1,0.12,tsvd_2d,0.1,2,2,390.8652291795215,48.479767398315715,342.3854617812058,439.3449965778372,0.04373843783323269,0.05423650476551215,-0.010498066932279459,0.09797494259874484,0.4896889617423509,0.1277285093299261,0.36196045241242475,0.617417471072277,0.8855485797149505,0.02082918787893523,0.8647193918360153,0.9063777675938858,0.4467525273507824,0.013017587591746288,0.43373493975903615,0.45977011494252873,0.003719939384609461,2.834480255842209e-06,0.0037171049043536186,0.003722773864865303
matern_grf,corr_length_frac,1,0.12,tsvd_2d,1.0,2,2,390.0711958282164,47.99304757680642,342.07814825140997,438.0642434050228,0.0634462131116811,0.05269694898725177,0.010749264124429333,0.11614316209893287,0.4896889617423509,0.1277285093299261,0.36196045241242475,0.617417471072277,0.8353887501593097,0.032087787189093664,0.803300962970216,0.8674765373484034,0.4854406130268199,0.02567049808429117,0.45977011494252873,0.5111111111111111,0.006410437170416117,0.0022012325935065746,0.004209204576909542,0.008611669763922691
matern_grf,corr_length_frac,2,0.04,deepxde_pinn,0.1,2,2,372.00765777076106,21.050233560351813,350.9574242104092,393.05789133111284,0.0050966695855476085,0.002390416700634351,0.002706252884913257,0.00748708628618196,0.8137850078122439,0.19636753673996693,0.617417471072277,1.0101525445522108,0.999999872502674,9.792238531147746e-08,0.9999997745802887,0.9999999704250593,0.0,0.0,0.0,0.0,3.170863338280469,0.17718511587008834,2.993678222410381,3.3480484541505575
matern_grf,corr_length_frac,2,0.04,deepxde_pinn,1.0,2,2,371.99848794695197,21.04689882866097,350.951589118291,393.04538677561294,0.0051191847886495785,0.0023839617092760736,0.002735223079373505,0.007503146497925653,0.4333890238409962,0.2905318809838533,0.1428571428571429,0.7239209048248495,0.9999996183128945,2.660810857202378e-07,0.9999993522318088,0.9999998843939802,0.0,0.0,0.0,0.0,3.1348903966136277,0.1153936036862433,3.0194967929273844,3.250284000299871
matern_grf,corr_length_frac,2,0.04,fast_bayesian,0.1,2,2,373.463676706936,30.116313179809225,343.3473635271268,403.57998988674524,0.04788350455902653,0.04831811100807437,-0.00043460644904784766,0.0962016155671009,0.3306240743799894,0.10840185215776718,0.2222222222222222,0.4390259265377566,0.8787140898644322,0.04629603497950985,0.8324180548849224,0.9250101248439421,0.2966355762824784,0.007161892071952031,0.2894736842105263,0.3037974683544304,0.002578496467322111,7.5125135481357574e-06,0.0025709839537739754,0.002586008980870247
matern_grf,corr_length_frac,2,0.04,fast_bayesian,1.0,2,2,372.8323343562281,27.014425115752857,345.8179092404752,399.84675947198093,0.059472437324398074,0.04074853719709457,0.018723900127303503,0.10022097452149265,0.5935406352672331,0.15451470872947656,0.4390259265377566,0.7480553439967097,0.8137243496471295,0.06059298437927674,0.7531313652678527,0.8743173340264062,0.34523809523809523,0.011904761904761918,0.3333333333333333,0.35714285714285715,0.002576945349574089,1.3304874300956726e-05,0.0025636404752731323,0.0025902502238750458
matern_grf,corr_length_frac,2,0.04,tikhonov_2d,0.1,2,2,380.73971246659823,31.96840408019048,348.7713083864077,412.7081165467887,0.04970441928839894,0.05184290690909814,-0.0021384876206991983,0.10154732619749708,0.7590094213223241,0.14589170970873788,0.6131177116135862,0.904901131031062,0.836944632005517,0.023426158323529567,0.8135184736819875,0.8603707903290466,0.4935172088637435,0.04113625648279115,0.4523809523809524,0.5346534653465347,0.0014262069016695023,1.7294660210609436e-05,0.0014089122414588928,0.0014435015618801117
matern_grf,corr_length_frac,2,0.04,tikhonov_2d,1.0,2,2,393.6959731822175,32.36710793811724,361.3288652441002,426.0630811203347,0.03627933707898483,0.06643119119883234,-0.03015185411984752,0.10271052827781717,0.783223041454812,0.12167808957624993,0.6615449518785621,0.904901131031062,0.7416194697048776,0.09042419946323055,0.651195270241647,0.8320436691681081,0.513044393014938,0.04365663791289712,0.46938775510204084,0.5567010309278351,0.0014309808611869812,2.8988346457481384e-05,0.0014019925147294998,0.0014599692076444626
matern_grf,corr_length_frac,2,0.04,tsvd_2d,0.1,2,2,372.60739030449855,23.37157653649564,349.2358137680029,395.9789668409942,0.023474313689485205,0.019151467176299387,0.004322846513185821,0.04262578086578459,0.5750979728073278,0.21313752039490305,0.36196045241242475,0.7882354932022309,0.943670347361476,0.03259287199735039,0.9110774753641256,0.9762632193588264,0.03125,0.03125,0.0,0.0625,0.003741735126823187,2.157408744096756e-06,0.00373957771807909,0.0037438925355672836
matern_grf,corr_length_frac,2,0.04,tsvd_2d,1.0,2,2,369.72095339872686,19.640496132959242,350.0804572657676,389.3614495316861,0.039936795401825,0.010361356037382636,0.029575439364442364,0.050298151439207635,0.452450565515531,0.0904901131031062,0.36196045241242475,0.5429406786186372,0.8948819756042266,0.056520583005434166,0.8383613925987924,0.9514025586096607,0.20555767034640277,0.06471259992386753,0.14084507042253522,0.2702702702702703,0.0037426906637847424,9.507406502962112e-06,0.0037331832572817802,0.0037521980702877045
overlapping_multi_spot,separation_frac,0,0.45,deepxde_pinn,0.1,2,2,303.64139730943873,0.024379991866908313,303.6170173175718,303.66577730130564,0.001127935746838274,7.027941303606078e-06,0.001120907805534668,0.0011349636881418802,0.6207108003375617,0.17626635589311723,0.4444444444444444,0.7969771562306789,0.9999969124708119,1.2947920878803032e-06,0.999995617678724,0.9999982072628998,0.0,0.0,0.0,0.0,3.034128501545638,0.01159342797473073,3.022535073570907,3.0457219295203686
overlapping_multi_spot,separation_frac,0,0.45,deepxde_pinn,1.0,2,2,303.6152650227318,0.006688991611838446,303.60857603112,303.62195401434366,0.0011405190380463295,1.1431706454196363e-05,0.001129087331592133,0.0011519507445005258,0.5305783953938572,0.2663987608368217,0.2641796345570355,0.7969771562306789,0.9999987261370518,2.0169983572237982e-07,0.999998524437216,0.9999989278368875,0.0,0.0,0.0,0.0,3.0020317509770393,0.028855652548372746,2.9731760984286666,3.030887403525412
overlapping_multi_spot,separation_frac,0,0.45,fast_bayesian,0.1,2,2,155.2329824186579,0.14322085629876824,155.08976156235914,155.37620327495668,0.7626561917863994,0.0010005814069554142,0.7616556103794441,0.7636567731933549,0.1428571428571429,0.0,0.1428571428571429,0.1428571428571429,0.6346574922080465,0.0051474399282336325,0.6295100522798128,0.6398049321362801,0.8311688311688312,0.0,0.8311688311688312,0.8311688311688312,0.002567934338003397,1.6125384718179703e-05,0.0025518089532852173,0.0025840597227215767
overlapping_multi_spot,separation_frac,0,0.45,fast_bayesian,1.0,2,2,166.70467473781343,7.713077283076657,158.99159745473676,174.41775202089008,0.7281787836206036,0.003531278315393349,0.7246475053052103,0.731710061935997,0.1428571428571429,0.0,0.1428571428571429,0.1428571428571429,0.632871775411996,0.05526692534350475,0.5776048500684913,0.6881387007555008,0.8073319085977314,0.02811112937695215,0.7792207792207793,0.8354430379746836,0.002574311103671789,6.514601409435272e-07,0.0025736596435308456,0.0025749625638127327
overlapping_multi_spot,separation_frac,0,0.45,tikhonov_2d,0.1,2,2,177.4186780141011,0.8962540141243807,176.5224239999767,178.31493202822546,0.6729922563931784,0.002376119238060581,0.6706161371551178,0.675368375631239,0.1428571428571429,0.0,0.1428571428571429,0.1428571428571429,0.8090341998691948,0.11502987905965012,0.6940043208095447,0.9240640789288449,0.7533536585365854,0.021646341463414653,0.7317073170731707,0.775,0.0012704608961939812,2.2271648049354553e-05,0.0012481892481446266,0.0012927325442433357
overlapping_multi_spot,separation_frac,0,0.45,tikhonov_2d,1.0,2,2,171.8100476788257,5.243928633960465,166.56611904486525,177.05397631278618,0.7140266079395652,0.014237973766662637,0.6997886341729026,0.7282645817062279,0.0,0.0,0.0,0.0,1.417993469816579,0.8976021603350564,0.5203913094815226,2.3155956301516354,0.7303697548815954,0.04071458246780224,0.6896551724137931,0.7710843373493976,0.001276505645364523,9.381677955389023e-06,0.001267123967409134,0.001285887323319912
overlapping_multi_spot,separation_frac,0,0.45,tsvd_2d,0.1,2,2,168.55437176395145,0.09379100038843546,168.460580763563,168.64816276433987,0.6956770247286481,0.0021082088261767384,0.6935688159024713,0.6977852335548248,0.18098022620621237,0.0,0.18098022620621237,0.18098022620621237,0.6582347500567305,0.006279429050264462,0.651955321006466,0.664514179106995,0.8148148148148148,0.0,0.8148148148148148,0.8148148148148148,0.006480652838945389,0.002724914811551571,0.003755738027393818,0.00920556765049696
overlapping_multi_spot,separation_frac,0,0.45,tsvd_2d,1.0,2,2,172.6127130011001,2.4757952355086275,170.13691776559148,175.08850823660873,0.6899270755485302,0.01682543175133544,0.6731016437971947,0.7067525072998656,0.18098022620621237,0.0,0.18098022620621237,0.18098022620621237,0.6514540951109327,0.0538717305514993,0.5975823645594334,0.705325825662432,0.8031135531135531,0.017399267399267393,0.7857142857142857,0.8205128205128205,0.003743982408195734,1.2115109711885452e-05,0.0037318672984838486,0.0037560975179076195
overlapping_multi_spot,separation_frac,1,0.2,deepxde_pinn,0.1,2,2,339.7913036505163,0.011931635753143155,339.77937201476317,339.80323528626946,0.0011271173614356713,1.1594665412427278e-05,0.0011155226960232441,0.0011387120268480987,0.7016519398508045,7.850462293418876e-17,0.7016519398508045,0.7016519398508047,0.999996880651763,6.452418040425734e-07,0.999996235409959,0.999997525893567,0.0,0.0,0.0,0.0,3.0164891155436635,0.011020244099199772,3.0054688714444637,3.0275093596428633
overlapping_multi_spot,separation_frac,1,0.2,deepxde_pinn,1.0,2,2,339.7157981336371,0.07000701224148997,339.64579112139563,339.7858051458786,0.0011798721716595332,5.224156029577567e-05,0.0011276306113637575,0.0012321137319553088,0.4524505655155309,0.27147033930931863,0.18098022620621232,0.7239209048248495,0.9999965784125018,5.3012051137724114e-08,0.9999965254004507,0.999996631424553,0.0,0.0,0.0,0.0,2.9942399212159216,0.005329229403287172,2.9889106918126345,2.999569150619209
overlapping_multi_spot,separation_frac,1,0.2,fast_bayesian,0.1,2,2,91.41004973890543,0.23057080103325944,91.17947893787218,91.6406205399387,0.9519265299894297,0.000200422612561757,0.951726107376868,0.9521269526019915,0.0,0.0,0.0,0.0,0.38202565022478446,0.0021516789281226245,0.37987397129666184,0.3841773291529071,0.8598881900768693,0.00803633822501748,0.8518518518518519,0.8679245283018868,0.0025785425677895546,1.3825483620166779e-05,0.002564717084169388,0.0025923680514097214
overlapping_multi_spot,separation_frac,1,0.2,fast_bayesian,1.0,2,2,109.36132477207386,11.38843798310378,97.97288678897007,120.74976275517763,0.9328369390635471,0.008596120221287029,0.9242408188422601,0.9414330592848341,0.0,0.0,0.0,0.0,0.3346867168999018,0.06224040957089691,0.2724463073290049,0.3969271264707987,0.7881241565452092,0.018893387314439902,0.7692307692307693,0.8070175438596491,0.0025662551634013653,1.62515789270401e-07,0.002566092647612095,0.0025664176791906357
overlapping_multi_spot,separation_frac,1,0.2,tikhonov_2d,0.1,2,2,233.92884172455,0.10501184338080805,233.8238298811692,234.0338535679308,0.5902712798058916,0.0009375039709153543,0.5893337758349761,0.5912087837768069,0.0,0.0,0.0,0.0,0.4809373916034394,0.00292234285710008,0.4780150487463393,0.4838597344605395,0.7246376811594203,0.0,0.7246376811594203,0.7246376811594203,0.001267918385565281,1.2643635272979736e-05,0.0012552747502923012,0.0012805620208382607
overlapping_multi_spot,separation_frac,1,0.2,tikhonov_2d,1.0,2,2,149.88594229819572,26.770817136523625,123.11512516167208,176.65675943471933,0.8703344758265332,0.044702360133038355,0.8256321156934948,0.9150368359595715,0.0,0.0,0.0,0.0,1.8073878871209703,1.2950163220635513,0.5123715650574191,3.1024042091845216,0.6904761904761905,0.0670995670995671,0.6233766233766234,0.7575757575757576,0.0013190708123147488,6.236601620912552e-06,0.0013128342106938362,0.0013253074139356613
overlapping_multi_spot,separation_frac,1,0.2,tsvd_2d,0.1,2,2,126.84347070965492,0.0694191458780935,126.77405156377682,126.91288985553301,0.9000281734940149,0.0004029999666352868,0.8996251735273796,0.9004311734606502,0.11111111111111105,0.0,0.11111111111111105,0.11111111111111105,0.4272012709432912,0.007094013095451462,0.42010725784783975,0.4342952840387427,0.847457627118644,0.0,0.847457627118644,0.847457627118644,0.0037533813156187534,1.4444347470998764e-05,0.0037389369681477547,0.003767825663089752
overlapping_multi_spot,separation_frac,1,0.2,tsvd_2d,1.0,2,2,132.1984461900371,2.7028952701577253,129.49555091987935,134.9013414601948,0.8944003081300962,0.001223806383435888,0.8931765017466603,0.8956241145135321,0.11111111111111105,0.0,0.11111111111111105,0.11111111111111105,0.4294088428946259,0.030670367659819925,0.39873847523480593,0.4600792105544458,0.8649425287356323,0.03160919540229884,0.8333333333333334,0.896551724137931,0.0037772073410451412,1.943996176123619e-05,0.003757767379283905,0.0037966473028063774
overlapping_multi_spot,separation_frac,2,0.07,deepxde_pinn,0.1,2,2,371.37915149102923,0.008885739001613047,371.3702657520276,371.3880372300308,0.001435347749402667,2.4500491854458854e-05,0.0014108472575482083,0.001459848241257126,0.7493145480407417,0.04766260818993717,0.7016519398508045,0.7969771562306789,0.9999922978602633,7.343173746843235e-08,0.9999922244285259,0.9999923712920008,0.0,0.0,0.0,0.0,3.0443331990391016,0.05790006089955568,2.986433138139546,3.1022332599386573
overlapping_multi_spot,separation_frac,2,0.07,deepxde_pinn,1.0,2,2,371.40874719115396,0.019492798520559518,371.3892543926334,371.4282399896745,0.001420340519012892,1.5051114170648605e-05,0.0014052894048422434,0.0014353916331835406,0.6685193082192178,0.05540159660563165,0.6131177116135862,0.7239209048248495,0.9999939318016142,1.6565462234718886e-06,0.9999922752553907,0.9999955883478376,0.0,0.0,0.0,0.0,2.981158809736371,0.006478709168732166,2.974680100567639,2.987637518905103
overlapping_multi_spot,separation_frac,2,0.07,fast_bayesian,0.1,2,2,93.67060676255795,0.12944883299274323,93.5411579295652,93.80005559555069,0.9599047624179956,0.0003133555972133495,0.9595914068207823,0.960218118015209,0.0,0.0,0.0,0.0,0.390326379893124,0.0017733614330726066,0.3885530184600514,0.3920997413261966,0.84,0.0,0.84,0.84,0.002585193607956171,1.731002703309059e-05,0.0025678835809230804,0.0026025036349892616
overlapping_multi_spot,separation_frac,2,0.07,fast_bayesian,1.0,2,2,111.45405385151929,10.318324627152307,101.13572922436698,121.7723784786716,0.9446317392468957,0.005803321497521385,0.9388284177493743,0.9504350607444171,0.0,0.0,0.0,0.0,0.3204447107139355,0.04008601319045568,0.2803586975234798,0.36053072390439117,0.7521586184841702,0.04029421170450914,0.711864406779661,0.7924528301886793,0.0025652069598436356,3.4365803003311157e-07,0.0025648633018136024,0.0025655506178736687
overlapping_multi_spot,separation_frac,2,0.07,tikhonov_2d,0.1,2,2,256.7091947591007,0.09357797170923732,256.61561678739145,256.8027727308099,0.6315021549650506,0.0006215178499315854,0.630880637115119,0.6321236728149822,0.0,0.0,0.0,0.0,0.4208787828549462,0.003406549603326342,0.4174722332516198,0.4242853324582725,0.651201923076923,0.005048076923076905,0.6461538461538462,0.65625,0.0012975968420505524,6.011687219142914e-06,0.0012915851548314095,0.0013036085292696953
overlapping_multi_spot,separation_frac,2,0.07,tikhonov_2d,1.0,2,2,187.16973241396735,38.89994050106887,148.26979191289848,226.06967291503622,0.8235926513762513,0.0805226407443283,0.7430700106319229,0.9041152921205795,0.0,0.0,0.0,0.0,1.013778764822617,0.3497811405720678,0.6639976242505492,1.3635599053946847,0.6400369429692911,0.04848764719464327,0.5915492957746479,0.6885245901639344,0.0013448256067931652,1.1488329619169235e-05,0.001333337277173996,0.0013563139364123344
overlapping_multi_spot,separation_frac,2,0.07,tsvd_2d,0.1,2,2,136.78993210662452,0.027289759956033777,136.76264234666849,136.81722186658055,0.9090661901189254,0.0003648279571046298,0.9087013621618208,0.9094310180760301,0.11111111111111105,0.0,0.11111111111111105,0.11111111111111105,0.39532641525544554,0.005355797156188086,0.3899706180992575,0.40068221241163365,0.7636363636363637,0.0,0.7636363636363637,0.7636363636363637,0.0037789074704051018,1.2303702533245087e-05,0.0037666037678718567,0.003791211172938347
overlapping_multi_spot,separation_frac,2,0.07,tsvd_2d,1.0,2,2,141.56452317565737,1.6383713351456919,139.92615184051166,143.20289451080305,0.904656942852318,0.0013499423833893687,0.9033070004689286,0.9060068852357074,0.055555555555555525,0.055555555555555525,0.0,0.11111111111111105,0.4099271593276928,0.01599333218115584,0.39393382714653696,0.42592049150884864,0.7638888888888888,0.013888888888888895,0.75,0.7777777777777778,0.0037454073317348957,3.22503037750721e-05,0.0037131570279598236,0.003777657635509968
