family_name,primary_axis_level,primary_axis_value,solver_name,sensor_config,noise_sigma,n_runs,n_success,rmse_flux_mean,rmse_flux_std,rmse_flux_min,rmse_flux_max,ssim_flux_mean,ssim_flux_std,ssim_flux_min,ssim_flux_max,peak_localization_error_mean,peak_localization_error_std,peak_localization_error_min,peak_localization_error_max,band_error_scalar_mean,band_error_scalar_std,band_error_scalar_min,band_error_scalar_max,support_overlap_mean,support_overlap_std,support_overlap_min,support_overlap_max,runtime_seconds_mean,runtime_seconds_std,runtime_seconds_min,runtime_seconds_max
gaussian_localized,0,0.05,fast_bayesian,uniform,0.1,1,1,55.101625078803984,0.0,55.101625078803984,55.101625078803984,0.8584353862184073,0.0,0.8584353862184073,0.8584353862184073,0.0,0.0,0.0,0.0,64.76809081449248,0.0,64.76809081449248,64.76809081449248,0.5079365079365079,0.0,0.5079365079365079,0.5079365079365079,0.002454187721014023,0.0,0.002454187721014023,0.002454187721014023
gaussian_localized,0,0.05,fast_bayesian,uniform,1.0,1,1,101.34195063158151,0.0,101.34195063158151,101.34195063158151,0.6458314764485094,0.0,0.6458314764485094,0.6458314764485094,0.11111111111111116,0.0,0.11111111111111116,0.11111111111111116,248.6632572594964,0.0,248.6632572594964,248.6632572594964,0.4266666666666667,0.0,0.4266666666666667,0.4266666666666667,0.002540756016969681,0.0,0.002540756016969681,0.002540756016969681
gaussian_localized,0,0.05,fast_bayesian,boundary_biased,0.1,1,1,56.48005175181715,0.0,56.48005175181715,56.48005175181715,0.8394554907765891,0.0,0.8394554907765891,0.8394554907765891,0.11111111111111116,0.0,0.11111111111111116,0.11111111111111116,35.86388998762741,0.0,35.86388998762741,35.86388998762741,0.4507042253521127,0.0,0.4507042253521127,0.4507042253521127,0.0026103779673576355,0.0,0.0026103779673576355,0.0026103779673576355
gaussian_localized,0,0.05,fast_bayesian,boundary_biased,1.0,1,1,92.09969486152833,0.0,92.09969486152833,92.09969486152833,0.615101161358816,0.0,0.615101161358816,0.615101161358816,0.2222222222222222,0.0,0.2222222222222222,0.2222222222222222,83.11830479589095,0.0,83.11830479589095,83.11830479589095,0.4383561643835616,0.0,0.4383561643835616,0.4383561643835616,0.0025927377864718437,0.0,0.0025927377864718437,0.0025927377864718437
gaussian_localized,0,0.05,fast_bayesian,clustered,0.1,1,1,81.14682004852331,0.0,81.14682004852331,81.14682004852331,0.4762895509905587,0.0,0.4762895509905587,0.4762895509905587,0.11111111111111116,0.0,0.11111111111111116,0.11111111111111116,2.4494583100200105,0.0,2.4494583100200105,2.4494583100200105,0.3870967741935484,0.0,0.3870967741935484,0.3870967741935484,0.0025603212416172028,0.0,0.0025603212416172028,0.0025603212416172028
gaussian_localized,0,0.05,fast_bayesian,clustered,1.0,1,1,156.49983041074094,0.0,156.49983041074094,156.49983041074094,0.2773420564531966,0.0,0.2773420564531966,0.2773420564531966,0.11111111111111116,0.0,0.11111111111111116,0.11111111111111116,10.274310275364618,0.0,10.274310275364618,10.274310275364618,0.39473684210526316,0.0,0.39473684210526316,0.39473684210526316,0.002513517625629902,0.0,0.002513517625629902,0.002513517625629902
gaussian_localized,0,0.05,tikhonov_2d,uniform,0.1,1,1,77.84511240325517,0.0,77.84511240325517,77.84511240325517,0.6897351835055434,0.0,0.6897351835055434,0.6897351835055434,0.11111111111111116,0.0,0.11111111111111116,0.11111111111111116,240.07872293746254,0.0,240.07872293746254,240.07872293746254,0.4050632911392405,0.0,0.4050632911392405,0.4050632911392405,0.0018298355862498283,0.0,0.0018298355862498283,0.0018298355862498283
gaussian_localized,0,0.05,tikhonov_2d,uniform,1.0,1,1,88.5573953637021,0.0,88.5573953637021,88.5573953637021,0.5803632815812629,0.0,0.5803632815812629,0.5803632815812629,0.11111111111111116,0.0,0.11111111111111116,0.11111111111111116,271.12732822559786,0.0,271.12732822559786,271.12732822559786,0.4,0.0,0.4,0.4,0.0013544689863920212,0.0,0.0013544689863920212,0.0013544689863920212
gaussian_localized,0,0.05,tikhonov_2d,boundary_biased,0.1,1,1,83.16326689352702,0.0,83.16326689352702,83.16326689352702,0.6168487468073,0.0,0.6168487468073,0.6168487468073,0.0,0.0,0.0,0.0,198.42314828182407,0.0,198.42314828182407,198.42314828182407,0.4050632911392405,0.0,0.4050632911392405,0.4050632911392405,0.0015176376327872276,0.0,0.0015176376327872276,0.0015176376327872276
gaussian_localized,0,0.05,tikhonov_2d,boundary_biased,1.0,1,1,119.9151262212453,0.0,119.9151262212453,119.9151262212453,0.5377063662640619,0.0,0.5377063662640619,0.5377063662640619,0.0,0.0,0.0,0.0,8516.90071265914,0.0,8516.90071265914,8516.90071265914,0.4050632911392405,0.0,0.4050632911392405,0.4050632911392405,0.0013831844553351402,0.0,0.0013831844553351402,0.0013831844553351402
gaussian_localized,0,0.05,tikhonov_2d,clustered,0.1,1,1,104.96236456577869,0.0,104.96236456577869,104.96236456577869,0.0443443763602669,0.0,0.0443443763602669,0.0443443763602669,0.5429406786186372,0.0,0.5429406786186372,0.5429406786186372,54.34723287469586,0.0,54.34723287469586,54.34723287469586,0.3333333333333333,0.0,0.3333333333333333,0.3333333333333333,0.0014370307326316833,0.0,0.0014370307326316833,0.0014370307326316833
gaussian_localized,0,0.05,tikhonov_2d,clustered,1.0,1,1,211.89772963309593,0.0,211.89772963309593,211.89772963309593,0.13855856277971768,0.0,0.13855856277971768,0.13855856277971768,0.5429406786186372,0.0,0.5429406786186372,0.5429406786186372,29583.255748523738,0.0,29583.255748523738,29583.255748523738,0.3058823529411765,0.0,0.3058823529411765,0.3058823529411765,0.0012589963153004646,0.0,0.0012589963153004646,0.0012589963153004646
gaussian_localized,0,0.05,tsvd_2d,uniform,0.1,1,1,59.17052473862203,0.0,59.17052473862203,59.17052473862203,0.8132827703041111,0.0,0.8132827703041111,0.8132827703041111,0.11111111111111116,0.0,0.11111111111111116,0.11111111111111116,53.870013224418734,0.0,53.870013224418734,53.870013224418734,0.47761194029850745,0.0,0.47761194029850745,0.47761194029850745,0.004288333468139172,0.0,0.004288333468139172,0.004288333468139172
gaussian_localized,0,0.05,tsvd_2d,uniform,1.0,1,1,78.56573024488186,0.0,78.56573024488186,78.56573024488186,0.7222415321821284,0.0,0.7222415321821284,0.7222415321821284,0.2222222222222222,0.0,0.2222222222222222,0.2222222222222222,93.42420202933003,0.0,93.42420202933003,93.42420202933003,0.47761194029850745,0.0,0.47761194029850745,0.47761194029850745,0.003684106282889843,0.0,0.003684106282889843,0.003684106282889843
gaussian_localized,0,0.05,tsvd_2d,boundary_biased,0.1,1,1,58.26208469947648,0.0,58.26208469947648,58.26208469947648,0.819849871706913,0.0,0.819849871706913,0.819849871706913,0.11111111111111116,0.0,0.11111111111111116,0.11111111111111116,35.627108051805806,0.0,35.627108051805806,35.627108051805806,0.47761194029850745,0.0,0.47761194029850745,0.47761194029850745,0.004616968333721161,0.0,0.004616968333721161,0.004616968333721161
gaussian_localized,0,0.05,tsvd_2d,boundary_biased,1.0,1,1,74.59537789958888,0.0,74.59537789958888,74.59537789958888,0.7417578665489155,0.0,0.7417578665489155,0.7417578665489155,0.2222222222222222,0.0,0.2222222222222222,0.2222222222222222,56.302474737808915,0.0,56.302474737808915,56.302474737808915,0.48484848484848486,0.0,0.48484848484848486,0.48484848484848486,0.0037360070273280144,0.0,0.0037360070273280144,0.0037360070273280144
gaussian_localized,0,0.05,tsvd_2d,clustered,0.1,1,1,87.94004139069595,0.0,87.94004139069595,87.94004139069595,0.29411037146025837,0.0,0.29411037146025837,0.29411037146025837,0.3626558621839956,0.0,0.3626558621839956,0.3626558621839956,4.397347890571042,0.0,4.397347890571042,4.397347890571042,0.39344262295081966,0.0,0.39344262295081966,0.39344262295081966,0.004179082810878754,0.0,0.004179082810878754,0.004179082810878754
gaussian_localized,0,0.05,tsvd_2d,clustered,1.0,1,1,89.21648386655235,0.0,89.21648386655235,89.21648386655235,0.30244610819389817,0.0,0.30244610819389817,0.30244610819389817,0.3626558621839956,0.0,0.3626558621839956,0.3626558621839956,5.3297172075373025,0.0,5.3297172075373025,5.3297172075373025,0.39344262295081966,0.0,0.39344262295081966,0.39344262295081966,0.0036886800080537796,0.0,0.0036886800080537796,0.0036886800080537796
gaussian_localized,1,0.15,fast_bayesian,uniform,0.1,1,1,42.649739989125926,0.0,42.649739989125926,42.649739989125926,0.9831554772055491,0.0,0.9831554772055491,0.9831554772055491,0.11111111111111116,0.0,0.11111111111111116,0.11111111111111116,643.5147998623119,0.0,643.5147998623119,643.5147998623119,0.9152542372881356,0.0,0.9152542372881356,0.9152542372881356,0.0025170082226395607,0.0,0.0025170082226395607,0.0025170082226395607
gaussian_localized,1,0.15,fast_bayesian,uniform,1.0,1,1,88.61685889389149,0.0,88.61685889389149,88.61685889389149,0.936707224276241,0.0,0.936707224276241,0.936707224276241,0.11111111111111116,0.0,0.11111111111111116,0.11111111111111116,1404.5167827740354,0.0,1404.5167827740354,1404.5167827740354,0.7222222222222222,0.0,0.7222222222222222,0.7222222222222222,0.002505469135940075,0.0,0.002505469135940075,0.002505469135940075
gaussian_localized,1,0.15,fast_bayesian,boundary_biased,0.1,1,1,63.65728656271433,0.0,63.65728656271433,63.65728656271433,0.9619683552671725,0.0,0.9619683552671725,0.9619683552671725,0.11111111111111116,0.0,0.11111111111111116,0.11111111111111116,409.19459923543667,0.0,409.19459923543667,409.19459923543667,0.9333333333333333,0.0,0.9333333333333333,0.9333333333333333,0.0025744587182998657,0.0,0.0025744587182998657,0.0025744587182998657
gaussian_localized,1,0.15,fast_bayesian,boundary_biased,1.0,1,1,96.0295543703239,0.0,96.0295543703239,96.0295543703239,0.9143733326168483,0.0,0.9143733326168483,0.9143733326168483,0.2222222222222222,0.0,0.2222222222222222,0.2222222222222222,587.5083913549076,0.0,587.5083913549076,587.5083913549076,0.8,0.0,0.8,0.8,0.0025220150128006935,0.0,0.0025220150128006935,0.0025220150128006935
gaussian_localized,1,0.15,fast_bayesian,clustered,0.1,1,1,151.93366341518296,0.0,151.93366341518296,151.93366341518296,0.7054783683226509,0.0,0.7054783683226509,0.7054783683226509,0.1809802262062124,0.0,0.1809802262062124,0.1809802262062124,56.14233475281696,0.0,56.14233475281696,56.14233475281696,0.64,0.0,0.64,0.64,0.0025271419435739517,0.0,0.0025271419435739517,0.0025271419435739517
gaussian_localized,1,0.15,fast_bayesian,clustered,1.0,1,1,193.36378437582206,0.0,193.36378437582206,193.36378437582206,0.6633204656128332,0.0,0.6633204656128332,0.6633204656128332,0.11111111111111116,0.0,0.11111111111111116,0.11111111111111116,71.18877684845613,0.0,71.18877684845613,71.18877684845613,0.6341463414634146,0.0,0.6341463414634146,0.6341463414634146,0.002513442188501358,0.0,0.002513442188501358,0.002513442188501358
gaussian_localized,1,0.15,tikhonov_2d,uniform,0.1,1,1,168.4231229485297,0.0,168.4231229485297,168.4231229485297,0.6826250918462905,0.0,0.6826250918462905,0.6826250918462905,0.0,0.0,0.0,0.0,2233.5857075638255,0.0,2233.5857075638255,2233.5857075638255,0.7671232876712328,0.0,0.7671232876712328,0.7671232876712328,0.0013184044510126114,0.0,0.0013184044510126114,0.0013184044510126114
gaussian_localized,1,0.15,tikhonov_2d,uniform,1.0,1,1,105.6001869030224,0.0,105.6001869030224,105.6001869030224,0.9045874077628804,0.0,0.9045874077628804,0.9045874077628804,0.11111111111111116,0.0,0.11111111111111116,0.11111111111111116,13414.33774667052,0.0,13414.33774667052,13414.33774667052,0.6923076923076923,0.0,0.6923076923076923,0.6923076923076923,0.0012835059314966202,0.0,0.0012835059314966202,0.0012835059314966202
gaussian_localized,1,0.15,tikhonov_2d,boundary_biased,0.1,1,1,167.25404047649945,0.0,167.25404047649945,167.25404047649945,0.6952537909547166,0.0,0.6952537909547166,0.6952537909547166,0.0,0.0,0.0,0.0,2326.230099488227,0.0,2326.230099488227,2326.230099488227,0.7777777777777778,0.0,0.7777777777777778,0.7777777777777778,0.0012870607897639275,0.0,0.0012870607897639275,0.0012870607897639275
gaussian_localized,1,0.15,tikhonov_2d,boundary_biased,1.0,1,1,103.69206579654502,0.0,103.69206579654502,103.69206579654502,0.8994937379326521,0.0,0.8994937379326521,0.8994937379326521,0.11111111111111116,0.0,0.11111111111111116,0.11111111111111116,18349.86988187003,0.0,18349.86988187003,18349.86988187003,0.6842105263157895,0.0,0.6842105263157895,0.6842105263157895,0.0013671452179551125,0.0,0.0013671452179551125,0.0013671452179551125
gaussian_localized,1,0.15,tikhonov_2d,clustered,0.1,1,1,247.70536152324283,0.0,247.70536152324283,247.70536152324283,0.04025924344117281,0.0,0.04025924344117281,0.04025924344117281,0.617417471072277,0.0,0.617417471072277,0.617417471072277,451.45602579444784,0.0,451.45602579444784,451.45602579444784,0.5185185185185185,0.0,0.5185185185185185,0.5185185185185185,0.0013307705521583557,0.0,0.0013307705521583557,0.0013307705521583557
gaussian_localized,1,0.15,tikhonov_2d,clustered,1.0,1,1,267.69071072394,0.0,267.69071072394,267.69071072394,0.4028001714578027,0.0,0.4028001714578027,0.4028001714578027,0.1809802262062124,0.0,0.1809802262062124,0.1809802262062124,104684.4977225436,0.0,104684.4977225436,104684.4977225436,0.5652173913043478,0.0,0.5652173913043478,0.5652173913043478,0.0013180915266275406,0.0,0.0013180915266275406,0.0013180915266275406
gaussian_localized,1,0.15,tsvd_2d,uniform,0.1,1,1,83.85850692539249,0.0,83.85850692539249,83.85850692539249,0.931043207332231,0.0,0.931043207332231,0.931043207332231,0.11111111111111116,0.0,0.11111111111111116,0.11111111111111116,639.1208348057432,0.0,639.1208348057432,639.1208348057432,0.8615384615384616,0.0,0.8615384615384616,0.8615384615384616,0.003734060563147068,0.0,0.003734060563147068,0.003734060563147068
gaussian_localized,1,0.15,tsvd_2d,uniform,1.0,1,1,93.49877372445926,0.0,93.49877372445926,93.49877372445926,0.9207084143265456,0.0,0.9207084143265456,0.9207084143265456,0.2222222222222222,0.0,0.2222222222222222,0.2222222222222222,870.4029469152159,0.0,870.4029469152159,870.4029469152159,0.8615384615384616,0.0,0.8615384615384616,0.8615384615384616,0.0036765029653906822,0.0,0.0036765029653906822,0.0036765029653906822
gaussian_localized,1,0.15,tsvd_2d,boundary_biased,0.1,1,1,78.94352071855722,0.0,78.94352071855722,78.94352071855722,0.9393858463027241,0.0,0.9393858463027241,0.9393858463027241,0.11111111111111116,0.0,0.11111111111111116,0.11111111111111116,431.76194650037246,0.0,431.76194650037246,431.76194650037246,0.8615384615384616,0.0,0.8615384615384616,0.8615384615384616,0.0037720706313848495,0.0,0.0037720706313848495,0.0037720706313848495
gaussian_localized,1,0.15,tsvd_2d,boundary_biased,1.0,1,1,87.67415793404274,0.0,87.67415793404274,87.67415793404274,0.9297189074113129,0.0,0.9297189074113129,0.9297189074113129,0.11111111111111116,0.0,0.11111111111111116,0.11111111111111116,552.8394019923159,0.0,552.8394019923159,552.8394019923159,0.835820895522388,0.0,0.835820895522388,0.835820895522388,0.003711363300681114,0.0,0.003711363300681114,0.003711363300681114
gaussian_localized,1,0.15,tsvd_2d,clustered,0.1,1,1,205.5993268528853,0.0,205.5993268528853,205.5993268528853,0.38169717974562073,0.0,0.38169717974562073,0.38169717974562073,0.3626558621839956,0.0,0.3626558621839956,0.3626558621839956,99.94470476573782,0.0,99.94470476573782,99.94470476573782,0.6027397260273972,0.0,0.6027397260273972,0.6027397260273972,0.0036634597927331924,0.0,0.0036634597927331924,0.0036634597927331924
gaussian_localized,1,0.15,tsvd_2d,clustered,1.0,1,1,205.69668621762307,0.0,205.69668621762307,205.69668621762307,0.390194442887406,0.0,0.390194442887406,0.390194442887406,0.3626558621839956,0.0,0.3626558621839956,0.3626558621839956,108.03609359399042,0.0,108.03609359399042,108.03609359399042,0.5945945945945946,0.0,0.5945945945945946,0.5945945945945946,0.0036483779549598694,0.0,0.0036483779549598694,0.0036483779549598694
gaussian_localized,2,0.3,fast_bayesian,uniform,0.1,1,1,51.41987875139637,0.0,51.41987875139637,51.41987875139637,0.9815549802948356,0.0,0.9815549802948356,0.9815549802948356,0.11111111111111116,0.0,0.11111111111111116,0.11111111111111116,8092.132748356383,0.0,8092.132748356383,8092.132748356383,0.9444444444444444,0.0,0.9444444444444444,0.9444444444444444,0.0025231018662452698,0.0,0.0025231018662452698,0.0025231018662452698
gaussian_localized,2,0.3,fast_bayesian,uniform,1.0,1,1,92.90240687674013,0.0,92.90240687674013,92.90240687674013,0.9435503452244572,0.0,0.9435503452244572,0.9435503452244572,0.11111111111111116,0.0,0.11111111111111116,0.11111111111111116,23548.573941888335,0.0,23548.573941888335,23548.573941888335,0.8928571428571429,0.0,0.8928571428571429,0.8928571428571429,0.0025472491979599,0.0,0.0025472491979599,0.0025472491979599
gaussian_localized,2,0.3,fast_bayesian,boundary_biased,0.1,1,1,58.76020669761086,0.0,58.76020669761086,58.76020669761086,0.9754465156939648,0.0,0.9754465156939648,0.9754465156939648,0.11111111111111116,0.0,0.11111111111111116,0.11111111111111116,5856.872727830214,0.0,5856.872727830214,5856.872727830214,0.9629629629629629,0.0,0.9629629629629629,0.9629629629629629,0.0025638099759817123,0.0,0.0025638099759817123,0.0025638099759817123
gaussian_localized,2,0.3,fast_bayesian,boundary_biased,1.0,1,1,93.33427114064838,0.0,93.33427114064838,93.33427114064838,0.9373820741047155,0.0,0.9373820741047155,0.9373820741047155,0.11111111111111116,0.0,0.11111111111111116,0.11111111111111116,10809.7838609466,0.0,10809.7838609466,10809.7838609466,0.9464285714285714,0.0,0.9464285714285714,0.9464285714285714,0.00251924991607666,0.0,0.00251924991607666,0.00251924991607666
gaussian_localized,2,0.3,fast_bayesian,clustered,0.1,1,1,90.69863492975027,0.0,90.69863492975027,90.69863492975027,0.9402644484933067,0.0,0.9402644484933067,0.9402644484933067,0.1809802262062124,0.0,0.1809802262062124,0.1809802262062124,3351.597248013192,0.0,3351.597248013192,3351.597248013192,0.8909090909090909,0.0,0.8909090909090909,0.8909090909090909,0.002561178058385849,0.0,0.002561178058385849,0.002561178058385849
gaussian_localized,2,0.3,fast_bayesian,clustered,1.0,1,1,148.88298087924264,0.0,148.88298087924264,148.88298087924264,0.8816352433052875,0.0,0.8816352433052875,0.8816352433052875,0.11111111111111116,0.0,0.11111111111111116,0.11111111111111116,3634.638702067187,0.0,3634.638702067187,3634.638702067187,0.9122807017543859,0.0,0.9122807017543859,0.9122807017543859,0.002501285634934902,0.0,0.002501285634934902,0.002501285634934902
gaussian_localized,2,0.3,tikhonov_2d,uniform,0.1,1,1,231.47190357190658,0.0,231.47190357190658,231.47190357190658,0.4442264093234017,0.0,0.4442264093234017,0.4442264093234017,0.1809802262062124,0.0,0.1809802262062124,0.1809802262062124,35099.7393883905,0.0,35099.7393883905,35099.7393883905,0.8235294117647058,0.0,0.8235294117647058,0.8235294117647058,0.0013237819075584412,0.0,0.0013237819075584412,0.0013237819075584412
gaussian_localized,2,0.3,tikhonov_2d,uniform,1.0,1,1,110.28095108051478,0.0,110.28095108051478,110.28095108051478,0.9140948095510238,0.0,0.9140948095510238,0.9140948095510238,0.11111111111111116,0.0,0.11111111111111116,0.11111111111111116,182302.83284789594,0.0,182302.83284789594,182302.83284789594,0.8205128205128205,0.0,0.8205128205128205,0.8205128205128205,0.0013361340388655663,0.0,0.0013361340388655663,0.0013361340388655663
gaussian_localized,2,0.3,tikhonov_2d,boundary_biased,0.1,1,1,228.42925645702755,0.0,228.42925645702755,228.42925645702755,0.47010865046107764,0.0,0.47010865046107764,0.47010865046107764,0.1809802262062124,0.0,0.1809802262062124,0.1809802262062124,60627.7351275261,0.0,60627.7351275261,60627.7351275261,0.8235294117647058,0.0,0.8235294117647058,0.8235294117647058,0.001341370865702629,0.0,0.001341370865702629,0.001341370865702629
gaussian_localized,2,0.3,tikhonov_2d,boundary_biased,1.0,1,1,124.19063308387373,0.0,124.19063308387373,124.19063308387373,0.8863270791937974,0.0,0.8863270791937974,0.8863270791937974,0.11111111111111116,0.0,0.11111111111111116,0.11111111111111116,218105.20055384806,0.0,218105.20055384806,218105.20055384806,0.816,0.0,0.816,0.816,0.0013090837746858597,0.0,0.0013090837746858597,0.0013090837746858597
gaussian_localized,2,0.3,tikhonov_2d,clustered,0.1,1,1,251.46911541956302,0.0,251.46911541956302,251.46911541956302,0.4191797837243364,0.0,0.4191797837243364,0.4191797837243364,0.1809802262062124,0.0,0.1809802262062124,0.1809802262062124,212422.1082211158,0.0,212422.1082211158,212422.1082211158,0.8235294117647058,0.0,0.8235294117647058,0.8235294117647058,0.0012771347537636757,0.0,0.0012771347537636757,0.0012771347537636757
gaussian_localized,2,0.3,tikhonov_2d,clustered,1.0,1,1,346.6376077105208,0.0,346.6376077105208,346.6376077105208,0.34384936061331156,0.0,0.34384936061331156,0.34384936061331156,0.4827589309760492,0.0,0.4827589309760492,0.4827589309760492,2993609.222292463,0.0,2993609.222292463,2993609.222292463,0.8091603053435115,0.0,0.8091603053435115,0.8091603053435115,0.0012781228870153427,0.0,0.0012781228870153427,0.0012781228870153427
gaussian_localized,2,0.3,tsvd_2d,uniform,0.1,1,1,113.72854133549231,0.0,113.72854133549231,113.72854133549231,0.8945956145851867,0.0,0.8945956145851867,0.8945956145851867,0.11111111111111116,0.0,0.11111111111111116,0.11111111111111116,15795.960700214126,0.0,15795.960700214126,15795.960700214126,0.8907563025210085,0.0,0.8907563025210085,0.8907563025210085,0.0036919722333550453,0.0,0.0036919722333550453,0.0036919722333550453
gaussian_localized,2,0.3,tsvd_2d,uniform,1.0,1,1,120.95512693370641,0.0,120.95512693370641,120.95512693370641,0.8915221213688719,0.0,0.8915221213688719,0.8915221213688719,0.2222222222222222,0.0,0.2222222222222222,0.2222222222222222,21056.7750398528,0.0,21056.7750398528,21056.7750398528,0.8888888888888888,0.0,0.8888888888888888,0.8888888888888888,0.0036947354674339294,0.0,0.0036947354674339294,0.0036947354674339294
gaussian_localized,2,0.3,tsvd_2d,boundary_biased,0.1,1,1,101.45834764212772,0.0,101.45834764212772,101.45834764212772,0.9183048001151549,0.0,0.9183048001151549,0.9183048001151549,0.11111111111111116,0.0,0.11111111111111116,0.11111111111111116,10226.28281515012,0.0,10226.28281515012,10226.28281515012,0.8907563025210085,0.0,0.8907563025210085,0.8907563025210085,0.0037332307547330856,0.0,0.0037332307547330856,0.0037332307547330856
gaussian_localized,2,0.3,tsvd_2d,boundary_biased,1.0,1,1,108.53743906679489,0.0,108.53743906679489,108.53743906679489,0.9138948809539589,0.0,0.9138948809539589,0.9138948809539589,0.11111111111111116,0.0,0.11111111111111116,0.11111111111111116,13090.751547295447,0.0,13090.751547295447,13090.751547295447,0.9217391304347826,0.0,0.9217391304347826,0.9217391304347826,0.003694942221045494,0.0,0.003694942221045494,0.003694942221045494
gaussian_localized,2,0.3,tsvd_2d,clustered,0.1,1,1,255.65396902425925,0.0,255.65396902425925,255.65396902425925,0.4111477651921448,0.0,0.4111477651921448,0.4111477651921448,0.3626558621839956,0.0,0.3626558621839956,0.3626558621839956,6111.107751261738,0.0,6111.107751261738,6111.107751261738,0.7522935779816514,0.0,0.7522935779816514,0.7522935779816514,0.0037264497950673103,0.0,0.0037264497950673103,0.0037264497950673103
gaussian_localized,2,0.3,tsvd_2d,clustered,1.0,1,1,255.75758881444523,0.0,255.75758881444523,255.75758881444523,0.41624917175720577,0.0,0.41624917175720577,0.41624917175720577,0.3626558621839956,0.0,0.3626558621839956,0.3626558621839956,6416.879691494084,0.0,6416.879691494084,6416.879691494084,0.7522935779816514,0.0,0.7522935779816514,0.7522935779816514,0.003718980588018894,0.0,0.003718980588018894,0.003718980588018894
matern_grf,0,0.3,fast_bayesian,uniform,0.1,1,1,377.1630862519855,0.0,377.1630862519855,377.1630862519855,0.20404785952050958,0.0,0.20404785952050958,0.20404785952050958,0.1428571428571429,0.0,0.1428571428571429,0.1428571428571429,0.8812584324651428,0.0,0.8812584324651428,0.8812584324651428,0.4819277108433735,0.0,0.4819277108433735,0.4819277108433735,0.002545134164392948,0.0,0.002545134164392948,0.002545134164392948
matern_grf,0,0.3,fast_bayesian,uniform,1.0,1,1,385.17575938744096,0.0,385.17575938744096,385.17575938744096,0.2192422686161875,0.0,0.2192422686161875,0.2192422686161875,0.1428571428571429,0.0,0.1428571428571429,0.1428571428571429,0.7759651077396725,0.0,0.7759651077396725,0.7759651077396725,0.6407766990291263,0.0,0.6407766990291263,0.6407766990291263,0.0025147367268800735,0.0,0.0025147367268800735,0.0025147367268800735
matern_grf,0,0.3,fast_bayesian,boundary_biased,0.1,1,1,379.6363468816704,0.0,379.6363468816704,379.6363468816704,0.1962628823642227,0.0,0.1962628823642227,0.1962628823642227,0.1428571428571429,0.0,0.1428571428571429,0.1428571428571429,0.8749810988426497,0.0,0.8749810988426497,0.8749810988426497,0.5057471264367817,0.0,0.5057471264367817,0.5057471264367817,0.0025663310661911964,0.0,0.0025663310661911964,0.0025663310661911964
matern_grf,0,0.3,fast_bayesian,boundary_biased,1.0,1,1,389.7445166585303,0.0,389.7445166585303,389.7445166585303,0.2106823298667395,0.0,0.2106823298667395,0.2106823298667395,0.1428571428571429,0.0,0.1428571428571429,0.1428571428571429,0.7367529054029909,0.0,0.7367529054029909,0.7367529054029909,0.68,0.0,0.68,0.68,0.0025799069553613663,0.0,0.0025799069553613663,0.0025799069553613663
matern_grf,0,0.3,fast_bayesian,clustered,0.1,1,1,399.9903295849085,0.0,399.9903295849085,399.9903295849085,0.025040521313637404,0.0,0.025040521313637404,0.025040521313637404,0.977061168032533,0.0,0.977061168032533,0.977061168032533,0.9684131100097916,0.0,0.9684131100097916,0.9684131100097916,0.14705882352941177,0.0,0.14705882352941177,0.14705882352941177,0.002512664534151554,0.0,0.002512664534151554,0.002512664534151554
matern_grf,0,0.3,fast_bayesian,clustered,1.0,1,1,422.2180235620512,0.0,422.2180235620512,422.2180235620512,0.07713550674937357,0.0,0.07713550674937357,0.07713550674937357,0.977061168032533,0.0,0.977061168032533,0.977061168032533,0.7666513514135204,0.0,0.7666513514135204,0.7666513514135204,0.4791666666666667,0.0,0.4791666666666667,0.4791666666666667,0.0025352295488119125,0.0,0.0025352295488119125,0.0025352295488119125
matern_grf,0,0.3,tikhonov_2d,uniform,0.1,1,1,393.71796517413435,0.0,393.71796517413435,393.71796517413435,0.060821620673707256,0.0,0.060821620673707256,0.060821620673707256,0.2222222222222222,0.0,0.2222222222222222,0.2222222222222222,0.9867351492300535,0.0,0.9867351492300535,0.9867351492300535,0.0,0.0,0.0,0.0,0.0012996941804885864,0.0,0.0012996941804885864,0.0012996941804885864
matern_grf,0,0.3,tikhonov_2d,uniform,1.0,1,1,392.3687936525828,0.0,392.3687936525828,392.3687936525828,0.07026257038109628,0.0,0.07026257038109628,0.07026257038109628,0.2222222222222222,0.0,0.2222222222222222,0.2222222222222222,0.9815297910379552,0.0,0.9815297910379552,0.9815297910379552,0.0,0.0,0.0,0.0,0.0013348245993256569,0.0,0.0013348245993256569,0.0013348245993256569
matern_grf,0,0.3,tikhonov_2d,boundary_biased,0.1,1,1,392.23030552992367,0.0,392.23030552992367,392.23030552992367,0.06684254438229408,0.0,0.06684254438229408,0.06684254438229408,0.2222222222222222,0.0,0.2222222222222222,0.2222222222222222,0.9864852109530777,0.0,0.9864852109530777,0.9864852109530777,0.0,0.0,0.0,0.0,0.001411227509379387,0.0,0.001411227509379387,0.001411227509379387
matern_grf,0,0.3,tikhonov_2d,boundary_biased,1.0,1,1,390.92387283682154,0.0,390.92387283682154,390.92387283682154,0.07544535348449638,0.0,0.07544535348449638,0.07544535348449638,0.2222222222222222,0.0,0.2222222222222222,0.2222222222222222,0.9832448878195281,0.0,0.9832448878195281,0.9832448878195281,0.0,0.0,0.0,0.0,0.0014030234888195992,0.0,0.0014030234888195992,0.0014030234888195992
matern_grf,0,0.3,tikhonov_2d,clustered,0.1,1,1,375.94655763341336,0.0,375.94655763341336,375.94655763341336,0.12447581357122023,0.0,0.12447581357122023,0.12447581357122023,0.2222222222222222,0.0,0.2222222222222222,0.2222222222222222,0.9515419490465824,0.0,0.9515419490465824,0.9515419490465824,0.3466666666666667,0.0,0.3466666666666667,0.3466666666666667,0.001408175565302372,0.0,0.001408175565302372,0.001408175565302372
matern_grf,0,0.3,tikhonov_2d,clustered,1.0,1,1,392.2197306214389,0.0,392.2197306214389,392.2197306214389,0.2876116600047391,0.0,0.2876116600047391,0.2876116600047391,0.11111111111111105,0.0,0.11111111111111105,0.11111111111111105,0.49716924723432293,0.0,0.49716924723432293,0.49716924723432293,0.7192982456140351,0.0,0.7192982456140351,0.7192982456140351,0.0014019180089235306,0.0,0.0014019180089235306,0.0014019180089235306
matern_grf,0,0.3,tsvd_2d,uniform,0.1,1,1,385.0600333265919,0.0,385.0600333265919,385.0600333265919,0.1319526629540986,0.0,0.1319526629540986,0.1319526629540986,0.18098022620621243,0.0,0.18098022620621243,0.18098022620621243,0.9387035719825603,0.0,0.9387035719825603,0.9387035719825603,0.29333333333333333,0.0,0.29333333333333333,0.29333333333333333,0.003718729130923748,0.0,0.003718729130923748,0.003718729130923748
matern_grf,0,0.3,tsvd_2d,uniform,1.0,1,1,390.8622096720543,0.0,390.8622096720543,390.8622096720543,0.13540061491906905,0.0,0.13540061491906905,0.13540061491906905,0.18098022620621243,0.0,0.18098022620621243,0.18098022620621243,0.8956790084109952,0.0,0.8956790084109952,0.8956790084109952,0.45977011494252873,0.0,0.45977011494252873,0.45977011494252873,0.0036825062707066536,0.0,0.0036825062707066536,0.0036825062707066536
matern_grf,0,0.3,tsvd_2d,boundary_biased,0.1,1,1,386.0612330184364,0.0,386.0612330184364,386.0612330184364,0.12484299892384082,0.0,0.12484299892384082,0.12484299892384082,0.2641796345570355,0.0,0.2641796345570355,0.2641796345570355,0.9405232022709352,0.0,0.9405232022709352,0.9405232022709352,0.2894736842105263,0.0,0.2894736842105263,0.2894736842105263,0.0036752549931406975,0.0,0.0036752549931406975,0.0036752549931406975
matern_grf,0,0.3,tsvd_2d,boundary_biased,1.0,1,1,390.3656222824478,0.0,390.3656222824478,390.3656222824478,0.13814753965561422,0.0,0.13814753965561422,0.13814753965561422,0.18098022620621243,0.0,0.18098022620621243,0.18098022620621243,0.8946364812503713,0.0,0.8946364812503713,0.8946364812503713,0.38095238095238093,0.0,0.38095238095238093,0.38095238095238093,0.0037009073421359062,0.0,0.0037009073421359062,0.0037009073421359062
matern_grf,0,0.3,tsvd_2d,clustered,0.1,1,1,403.7955547866855,0.0,403.7955547866855,403.7955547866855,-0.000599736296942732,0.0,-0.000599736296942732,-0.000599736296942732,0.8780518530755131,0.0,0.8780518530755131,0.8780518530755131,0.999693226810367,0.0,0.999693226810367,0.999693226810367,0.0,0.0,0.0,0.0,0.0036481237038969994,0.0,0.0036481237038969994,0.0036481237038969994
matern_grf,0,0.3,tsvd_2d,clustered,1.0,1,1,404.45258072415055,0.0,404.45258072415055,404.45258072415055,0.0035940491206970368,0.0,0.0035940491206970368,0.0035940491206970368,0.8780518530755131,0.0,0.8780518530755131,0.8780518530755131,0.9999948560786809,0.0,0.9999948560786809,0.9999948560786809,0.0,0.0,0.0,0.0,0.003643273375928402,0.0,0.003643273375928402,0.003643273375928402
matern_grf,1,0.12,fast_bayesian,uniform,0.1,1,1,441.1960361619368,0.0,441.1960361619368,441.1960361619368,-0.00415212992191152,0.0,-0.00415212992191152,-0.00415212992191152,0.7016519398508047,0.0,0.7016519398508047,0.7016519398508047,0.878799865893063,0.0,0.878799865893063,0.878799865893063,0.449438202247191,0.0,0.449438202247191,0.449438202247191,0.002531774342060089,0.0,0.002531774342060089,0.002531774342060089
matern_grf,1,0.12,fast_bayesian,uniform,1.0,1,1,436.70379419953946,0.0,436.70379419953946,436.70379419953946,0.03069726868182757,0.0,0.03069726868182757,0.03069726868182757,0.7016519398508047,0.0,0.7016519398508047,0.7016519398508047,0.8353085752432837,0.0,0.8353085752432837,0.8353085752432837,0.5567010309278351,0.0,0.5567010309278351,0.5567010309278351,0.0025100773200392723,0.0,0.0025100773200392723,0.0025100773200392723
matern_grf,1,0.12,fast_bayesian,boundary_biased,0.1,1,1,437.3663068428486,0.0,437.3663068428486,437.3663068428486,-0.006648142669924794,0.0,-0.006648142669924794,-0.006648142669924794,0.7239209048248495,0.0,0.7239209048248495,0.7239209048248495,0.9014618456239626,0.0,0.9014618456239626,0.9014618456239626,0.4946236559139785,0.0,0.4946236559139785,0.4946236559139785,0.0025608958676457405,0.0,0.0025608958676457405,0.0025608958676457405
matern_grf,1,0.12,fast_bayesian,boundary_biased,1.0,1,1,431.3477079175147,0.0,431.3477079175147,431.3477079175147,0.04864839650902523,0.0,0.04864839650902523,0.04864839650902523,0.7016519398508047,0.0,0.7016519398508047,0.7016519398508047,0.8369971228472971,0.0,0.8369971228472971,0.8369971228472971,0.5656565656565656,0.0,0.5656565656565656,0.5656565656565656,0.002577231265604496,0.0,0.002577231265604496,0.002577231265604496
matern_grf,1,0.12,fast_bayesian,clustered,0.1,1,1,411.17631001454487,0.0,411.17631001454487,411.17631001454487,0.03724153150714704,0.0,0.03724153150714704,0.03724153150714704,0.36196045241242475,0.0,0.36196045241242475,0.36196045241242475,0.9776105759448047,0.0,0.9776105759448047,0.9776105759448047,0.19444444444444445,0.0,0.19444444444444445,0.19444444444444445,0.002522672526538372,0.0,0.002522672526538372,0.002522672526538372
matern_grf,1,0.12,fast_bayesian,clustered,1.0,1,1,421.77490220058763,0.0,421.77490220058763,421.77490220058763,0.08975756744963458,0.0,0.08975756744963458,0.08975756744963458,0.5429406786186372,0.0,0.5429406786186372,0.5429406786186372,0.8178924550811164,0.0,0.8178924550811164,0.8178924550811164,0.6857142857142857,0.0,0.6857142857142857,0.6857142857142857,0.002511225640773773,0.0,0.002511225640773773,0.002511225640773773
matern_grf,1,0.12,tikhonov_2d,uniform,0.1,1,1,474.0152935503229,0.0,474.0152935503229,474.0152935503229,0.0113834119025904,0.0,0.0113834119025904,0.0113834119025904,0.7777777777777778,0.0,0.7777777777777778,0.7777777777777778,0.6809668223060799,0.0,0.6809668223060799,0.6809668223060799,0.6326530612244898,0.0,0.6326530612244898,0.6326530612244898,0.0032147979363799095,0.0,0.0032147979363799095,0.0032147979363799095
matern_grf,1,0.12,tikhonov_2d,uniform,1.0,1,1,492.6674264802066,0.0,492.6674264802066,492.6674264802066,0.02327512442005639,0.0,0.02327512442005639,0.02327512442005639,0.7777777777777778,0.0,0.7777777777777778,0.7777777777777778,0.5894121240524998,0.0,0.5894121240524998,0.5894121240524998,0.6274509803921569,0.0,0.6274509803921569,0.6274509803921569,0.0014091506600379944,0.0,0.0014091506600379944,0.0014091506600379944
matern_grf,1,0.12,tikhonov_2d,boundary_biased,0.1,1,1,459.7186101845191,0.0,459.7186101845191,459.7186101845191,0.015998383886575714,0.0,0.015998383886575714,0.015998383886575714,0.7777777777777778,0.0,0.7777777777777778,0.7777777777777778,0.748626872909555,0.0,0.748626872909555,0.748626872909555,0.6185567010309279,0.0,0.6185567010309279,0.6185567010309279,0.0014361198991537094,0.0,0.0014361198991537094,0.0014361198991537094
matern_grf,1,0.12,tikhonov_2d,boundary_biased,1.0,1,1,460.1365828397475,0.0,460.1365828397475,460.1365828397475,0.04943734687841052,0.0,0.04943734687841052,0.04943734687841052,0.7777777777777778,0.0,0.7777777777777778,0.7777777777777778,0.7125775358878509,0.0,0.7125775358878509,0.7125775358878509,0.6857142857142857,0.0,0.6857142857142857,0.6857142857142857,0.0014049727469682693,0.0,0.0014049727469682693,0.0014049727469682693
matern_grf,1,0.12,tikhonov_2d,clustered,0.1,1,1,406.066200568643,0.0,406.066200568643,406.066200568643,0.056517359548951415,0.0,0.056517359548951415,0.056517359548951415,0.7777777777777778,0.0,0.7777777777777778,0.7777777777777778,0.9757512772405356,0.0,0.9757512772405356,0.9757512772405356,0.0,0.0,0.0,0.0,0.0013384092599153519,0.0,0.0013384092599153519,0.0013384092599153519
matern_grf,1,0.12,tikhonov_2d,clustered,1.0,1,1,399.5453182266579,0.0,399.5453182266579,399.5453182266579,0.11980676077151604,0.0,0.11980676077151604,0.11980676077151604,0.7777777777777778,0.0,0.7777777777777778,0.7777777777777778,0.9137958437954318,0.0,0.9137958437954318,0.9137958437954318,0.5773195876288659,0.0,0.5773195876288659,0.5773195876288659,0.0014387816190719604,0.0,0.0014387816190719604,0.0014387816190719604
matern_grf,1,0.12,tsvd_2d,uniform,0.1,1,1,439.3449965778372,0.0,439.3449965778372,439.3449965778372,-0.010498066932279459,0.0,-0.010498066932279459,-0.010498066932279459,0.617417471072277,0.0,0.617417471072277,0.617417471072277,0.9063777675938858,0.0,0.9063777675938858,0.9063777675938858,0.45977011494252873,0.0,0.45977011494252873,0.45977011494252873,0.003589239902794361,0.0,0.003589239902794361,0.003589239902794361
matern_grf,1,0.12,tsvd_2d,uniform,1.0,1,1,438.0642434050228,0.0,438.0642434050228,438.0642434050228,0.010749264124429333,0.0,0.010749264124429333,0.010749264124429333,0.617417471072277,0.0,0.617417471072277,0.617417471072277,0.8674765373484034,0.0,0.8674765373484034,0.8674765373484034,0.5111111111111111,0.0,0.5111111111111111,0.5111111111111111,0.00367828831076622,0.0,0.00367828831076622,0.00367828831076622
matern_grf,1,0.12,tsvd_2d,boundary_biased,0.1,1,1,437.95909312590305,0.0,437.95909312590305,437.95909312590305,-0.009566472630303562,0.0,-0.009566472630303562,-0.009566472630303562,0.617417471072277,0.0,0.617417471072277,0.617417471072277,0.9120358990330132,0.0,0.9120358990330132,0.9120358990330132,0.4827586206896552,0.0,0.4827586206896552,0.4827586206896552,0.0036753546446561813,0.0,0.0036753546446561813,0.0036753546446561813
matern_grf,1,0.12,tsvd_2d,boundary_biased,1.0,1,1,433.6014441391562,0.0,433.6014441391562,433.6014441391562,0.013200073254998624,0.0,0.013200073254998624,0.013200073254998624,0.617417471072277,0.0,0.617417471072277,0.617417471072277,0.8896205956947209,0.0,0.8896205956947209,0.8896205956947209,0.5333333333333333,0.0,0.5333333333333333,0.5333333333333333,0.0036976756528019905,0.0,0.0036976756528019905,0.0036976756528019905
matern_grf,1,0.12,tsvd_2d,clustered,0.1,1,1,418.68495535682206,0.0,418.68495535682206,418.68495535682206,0.004965667821567296,0.0,0.004965667821567296,0.004965667821567296,0.582130819710865,0.0,0.582130819710865,0.582130819710865,0.9917319214338672,0.0,0.9917319214338672,0.9917319214338672,0.0,0.0,0.0,0.0,0.0036483071744441986,0.0,0.0036483071744441986,0.0036483071744441986
matern_grf,1,0.12,tsvd_2d,clustered,1.0,1,1,418.9376690361419,0.0,418.9376690361419,418.9376690361419,0.003617173067825101,0.0,0.003617173067825101,0.003617173067825101,0.582130819710865,0.0,0.582130819710865,0.582130819710865,0.9879847719655134,0.0,0.9879847719655134,0.9879847719655134,0.0,0.0,0.0,0.0,0.0036625778302550316,0.0,0.0036625778302550316,0.0036625778302550316
matern_grf,2,0.04,fast_bayesian,uniform,0.1,1,1,403.57998988674524,0.0,403.57998988674524,403.57998988674524,-0.00043460644904784766,0.0,-0.00043460644904784766,-0.00043460644904784766,0.2222222222222222,0.0,0.2222222222222222,0.2222222222222222,0.9250101248439421,0.0,0.9250101248439421,0.9250101248439421,0.3037974683544304,0.0,0.3037974683544304,0.3037974683544304,0.002551708370447159,0.0,0.002551708370447159,0.002551708370447159
matern_grf,2,0.04,fast_bayesian,uniform,1.0,1,1,399.84675947198093,0.0,399.84675947198093,399.84675947198093,0.018723900127303503,0.0,0.018723900127303503,0.018723900127303503,0.7480553439967097,0.0,0.7480553439967097,0.7480553439967097,0.8743173340264062,0.0,0.8743173340264062,0.8743173340264062,0.35714285714285715,0.0,0.35714285714285715,0.35714285714285715,0.0027867360040545464,0.0,0.0027867360040545464,0.0027867360040545464
matern_grf,2,0.04,fast_bayesian,boundary_biased,0.1,1,1,404.65003219757864,0.0,404.65003219757864,404.65003219757864,-0.005592751021920017,0.0,-0.005592751021920017,-0.005592751021920017,0.2222222222222222,0.0,0.2222222222222222,0.2222222222222222,0.9353799165448228,0.0,0.9353799165448228,0.9353799165448228,0.2857142857142857,0.0,0.2857142857142857,0.2857142857142857,0.0028356295078992844,0.0,0.0028356295078992844,0.0028356295078992844
matern_grf,2,0.04,fast_bayesian,boundary_biased,1.0,1,1,396.6627291656696,0.0,396.6627291656696,396.6627291656696,0.03209625659627257,0.0,0.03209625659627257,0.03209625659627257,0.7480553439967097,0.0,0.7480553439967097,0.7480553439967097,0.8634920270830344,0.0,0.8634920270830344,0.8634920270830344,0.3373493975903614,0.0,0.3373493975903614,0.3373493975903614,0.0028287172317504883,0.0,0.0028287172317504883,0.0028287172317504883
matern_grf,2,0.04,fast_bayesian,clustered,0.1,1,1,391.8972723267047,0.0,391.8972723267047,391.8972723267047,0.012709419300734293,0.0,0.012709419300734293,0.012709419300734293,0.617417471072277,0.0,0.617417471072277,0.617417471072277,0.988553577030913,0.0,0.988553577030913,0.988553577030913,0.0,0.0,0.0,0.0,0.002765989862382412,0.0,0.002765989862382412,0.002765989862382412
matern_grf,2,0.04,fast_bayesian,clustered,1.0,1,1,400.6906271600871,0.0,400.6906271600871,400.6906271600871,0.05677595001419015,0.0,0.05677595001419015,0.05677595001419015,0.528359269114071,0.0,0.528359269114071,0.528359269114071,0.6645266660772992,0.0,0.6645266660772992,0.6645266660772992,0.594059405940594,0.0,0.594059405940594,0.594059405940594,0.0027910014614462852,0.0,0.0027910014614462852,0.0027910014614462852
matern_grf,2,0.04,tikhonov_2d,uniform,0.1,1,1,412.7081165467887,0.0,412.7081165467887,412.7081165467887,-0.0021384876206991983,0.0,-0.0021384876206991983,-0.0021384876206991983,0.6131177116135862,0.0,0.6131177116135862,0.6131177116135862,0.8603707903290466,0.0,0.8603707903290466,0.8603707903290466,0.5346534653465347,0.0,0.5346534653465347,0.5346534653465347,0.0013403231278061867,0.0,0.0013403231278061867,0.0013403231278061867
matern_grf,2,0.04,tikhonov_2d,uniform,1.0,1,1,426.0630811203347,0.0,426.0630811203347,426.0630811203347,-0.03015185411984752,0.0,-0.03015185411984752,-0.03015185411984752,0.6615449518785621,0.0,0.6615449518785621,0.6615449518785621,0.8320436691681081,0.0,0.8320436691681081,0.8320436691681081,0.46938775510204084,0.0,0.46938775510204084,0.46938775510204084,0.0014223335310816765,0.0,0.0014223335310816765,0.0014223335310816765
matern_grf,2,0.04,tikhonov_2d,boundary_biased,0.1,1,1,414.8624931576205,0.0,414.8624931576205,414.8624931576205,-0.0037760425424055656,0.0,-0.0037760425424055656,-0.0037760425424055656,0.6131177116135862,0.0,0.6131177116135862,0.6131177116135862,0.8496278354721353,0.0,0.8496278354721353,0.8496278354721353,0.5346534653465347,0.0,0.5346534653465347,0.5346534653465347,0.0014446629211306572,0.0,0.0014446629211306572,0.0014446629211306572
matern_grf,2,0.04,tikhonov_2d,boundary_biased,1.0,1,1,414.9878691782537,0.0,414.9878691782537,414.9878691782537,0.005719839868554467,0.0,0.005719839868554467,0.005719839868554467,0.9002952960309354,0.0,0.9002952960309354,0.9002952960309354,0.820425050319133,0.0,0.820425050319133,0.820425050319133,0.5849056603773585,0.0,0.5849056603773585,0.5849056603773585,0.001417841762304306,0.0,0.001417841762304306,0.001417841762304306
matern_grf,2,0.04,tikhonov_2d,clustered,0.1,1,1,391.0709970203714,0.0,391.0709970203714,391.0709970203714,0.02180565322885608,0.0,0.02180565322885608,0.02180565322885608,0.48275893097604916,0.0,0.48275893097604916,0.48275893097604916,0.9627104539206227,0.0,0.9627104539206227,0.9627104539206227,0.0,0.0,0.0,0.0,0.001409788616001606,0.0,0.001409788616001606,0.001409788616001606
matern_grf,2,0.04,tikhonov_2d,clustered,1.0,1,1,406.76774098640567,0.0,406.76774098640567,406.76774098640567,0.10815227657714278,0.0,0.10815227657714278,0.10815227657714278,0.2641796345570355,0.0,0.2641796345570355,0.2641796345570355,0.5893913870744482,0.0,0.5893913870744482,0.5893913870744482,0.7017543859649122,0.0,0.7017543859649122,0.7017543859649122,0.0014128340408205986,0.0,0.0014128340408205986,0.0014128340408205986
matern_grf,2,0.04,tsvd_2d,uniform,0.1,1,1,395.9789668409942,0.0,395.9789668409942,395.9789668409942,0.004322846513185821,0.0,0.004322846513185821,0.004322846513185821,0.7882354932022309,0.0,0.7882354932022309,0.7882354932022309,0.9762632193588264,0.0,0.9762632193588264,0.9762632193588264,0.0,0.0,0.0,0.0,0.008261013776063919,0.0,0.008261013776063919,0.008261013776063919
matern_grf,2,0.04,tsvd_2d,uniform,1.0,1,1,389.3614495316861,0.0,389.3614495316861,389.3614495316861,0.029575439364442364,0.0,0.029575439364442364,0.029575439364442364,0.5429406786186372,0.0,0.5429406786186372,0.5429406786186372,0.9514025586096607,0.0,0.9514025586096607,0.9514025586096607,0.14084507042253522,0.0,0.14084507042253522,0.14084507042253522,0.004218362271785736,0.0,0.004218362271785736,0.004218362271785736
matern_grf,2,0.04,tsvd_2d,boundary_biased,0.1,1,1,395.7005957517004,0.0,395.7005957517004,395.7005957517004,0.0045065035606703776,0.0,0.0045065035606703776,0.0045065035606703776,0.7882354932022309,0.0,0.7882354932022309,0.7882354932022309,0.9784955253250202,0.0,0.9784955253250202,0.9784955253250202,0.0,0.0,0.0,0.0,0.004076441749930382,0.0,0.004076441749930382,0.004076441749930382
matern_grf,2,0.04,tsvd_2d,boundary_biased,1.0,1,1,389.54301331440064,0.0,389.54301331440064,389.54301331440064,0.025340596863180465,0.0,0.025340596863180465,0.025340596863180465,0.5429406786186372,0.0,0.5429406786186372,0.5429406786186372,0.962976145666126,0.0,0.962976145666126,0.962976145666126,0.06060606060606061,0.0,0.06060606060606061,0.06060606060606061,0.004041510634124279,0.0,0.004041510634124279,0.004041510634124279
matern_grf,2,0.04,tsvd_2d,clustered,0.1,1,1,392.34827500556014,0.0,392.34827500556014,392.34827500556014,0.010087235406369896,0.0,0.010087235406369896,0.010087235406369896,0.9868114947536224,0.0,0.9868114947536224,0.9868114947536224,0.9937261562509697,0.0,0.9937261562509697,0.9937261562509697,0.0,0.0,0.0,0.0,0.004001457244157791,0.0,0.004001457244157791,0.004001457244157791
matern_grf,2,0.04,tsvd_2d,clustered,1.0,1,1,392.29986027216455,0.0,392.29986027216455,392.29986027216455,0.01149820689964387,0.0,0.01149820689964387,0.01149820689964387,0.9868114947536224,0.0,0.9868114947536224,0.9868114947536224,0.9878961311054989,0.0,0.9878961311054989,0.9878961311054989,0.0,0.0,0.0,0.0,0.003971750847995281,0.0,0.003971750847995281,0.003971750847995281
moving_hotspot,0,0.2,fast_bayesian,uniform,0.1,1,1,212.0492991470274,0.0,212.0492991470274,212.0492991470274,0.8008495867454974,0.0,0.8008495867454974,0.8008495867454974,0.2641796345570355,0.0,0.2641796345570355,0.2641796345570355,0.3932223447824563,0.0,0.3932223447824563,0.3932223447824563,0.8450704225352113,0.0,0.8450704225352113,0.8450704225352113,0.002550625242292881,0.0,0.002550625242292881,0.002550625242292881
moving_hotspot,0,0.2,fast_bayesian,uniform,1.0,1,1,225.89361840842432,0.0,225.89361840842432,225.89361840842432,0.7800964528411356,0.0,0.7800964528411356,0.7800964528411356,0.2641796345570355,0.0,0.2641796345570355,0.2641796345570355,0.2786064020778197,0.0,0.2786064020778197,0.2786064020778197,0.8108108108108109,0.0,0.8108108108108109,0.8108108108108109,0.002543593756854534,0.0,0.002543593756854534,0.002543593756854534
moving_hotspot,0,0.2,fast_bayesian,boundary_biased,0.1,1,1,220.55457289078643,0.0,220.55457289078643,220.55457289078643,0.7789062636096087,0.0,0.7789062636096087,0.7789062636096087,0.2641796345570355,0.0,0.2641796345570355,0.2641796345570355,0.4794994361231184,0.0,0.4794994361231184,0.4794994361231184,0.821917808219178,0.0,0.821917808219178,0.821917808219178,0.0025399886071681976,0.0,0.0025399886071681976,0.0025399886071681976
moving_hotspot,0,0.2,fast_bayesian,boundary_biased,1.0,1,1,232.69274161147928,0.0,232.69274161147928,232.69274161147928,0.7519507067363361,0.0,0.7519507067363361,0.7519507067363361,0.2641796345570355,0.0,0.2641796345570355,0.2641796345570355,0.44580525052482844,0.0,0.44580525052482844,0.44580525052482844,0.7894736842105263,0.0,0.7894736842105263,0.7894736842105263,0.002556134946644306,0.0,0.002556134946644306,0.002556134946644306
moving_hotspot,0,0.2,fast_bayesian,clustered,0.1,1,1,224.12405952926687,0.0,224.12405952926687,224.12405952926687,0.7752028931130438,0.0,0.7752028931130438,0.7752028931130438,0.18098022620621237,0.0,0.18098022620621237,0.18098022620621237,0.643877148159195,0.0,0.643877148159195,0.643877148159195,0.6933333333333334,0.0,0.6933333333333334,0.6933333333333334,0.0025335513055324554,0.0,0.0025335513055324554,0.0025335513055324554
moving_hotspot,0,0.2,fast_bayesian,clustered,1.0,1,1,257.1392828283173,0.0,257.1392828283173,257.1392828283173,0.7068192760246303,0.0,0.7068192760246303,0.7068192760246303,0.14285714285714285,0.0,0.14285714285714285,0.14285714285714285,0.6279492853878487,0.0,0.6279492853878487,0.6279492853878487,0.6842105263157895,0.0,0.6842105263157895,0.6842105263157895,0.002514822408556938,0.0,0.002514822408556938,0.002514822408556938
moving_hotspot,0,0.2,tikhonov_2d,uniform,0.1,1,1,281.4908349395993,0.0,281.4908349395993,281.4908349395993,0.649893465497854,0.0,0.649893465497854,0.649893465497854,0.4390259265377565,0.0,0.4390259265377565,0.4390259265377565,2.333045211727786,0.0,2.333045211727786,2.333045211727786,0.825,0.0,0.825,0.825,0.001261572353541851,0.0,0.001261572353541851,0.001261572353541851
moving_hotspot,0,0.2,tikhonov_2d,uniform,1.0,1,1,276.51490513535157,0.0,276.51490513535157,276.51490513535157,0.6492250514695554,0.0,0.6492250514695554,0.6492250514695554,0.4390259265377565,0.0,0.4390259265377565,0.4390259265377565,2.064428554162777,0.0,2.064428554162777,2.064428554162777,0.8048780487804879,0.0,0.8048780487804879,0.8048780487804879,0.0012479284778237343,0.0,0.0012479284778237343,0.0012479284778237343
moving_hotspot,0,0.2,tikhonov_2d,boundary_biased,0.1,1,1,285.357075884797,0.0,285.357075884797,285.357075884797,0.6457184958251091,0.0,0.6457184958251091,0.6457184958251091,0.4390259265377565,0.0,0.4390259265377565,0.4390259265377565,2.4620577950084885,0.0,2.4620577950084885,2.4620577950084885,0.825,0.0,0.825,0.825,0.0012817373499274254,0.0,0.0012817373499274254,0.0012817373499274254
moving_hotspot,0,0.2,tikhonov_2d,boundary_biased,1.0,1,1,279.5903349062281,0.0,279.5903349062281,279.5903349062281,0.6486951050480947,0.0,0.6486951050480947,0.6486951050480947,0.4390259265377565,0.0,0.4390259265377565,0.4390259265377565,2.047235824971279,0.0,2.047235824971279,2.047235824971279,0.8148148148148148,0.0,0.8148148148148148,0.8148148148148148,0.0012666098773479462,0.0,0.0012666098773479462,0.0012666098773479462
moving_hotspot,0,0.2,tikhonov_2d,clustered,0.1,1,1,274.8883494382117,0.0,274.8883494382117,274.8883494382117,0.6883856323808017,0.0,0.6883856323808017,0.6883856323808017,0.4390259265377565,0.0,0.4390259265377565,0.4390259265377565,2.3992280062960987,0.0,2.3992280062960987,2.3992280062960987,0.8354430379746836,0.0,0.8354430379746836,0.8354430379746836,0.0012679807841777802,0.0,0.0012679807841777802,0.0012679807841777802
moving_hotspot,0,0.2,tikhonov_2d,clustered,1.0,1,1,282.87567208670725,0.0,282.87567208670725,282.87567208670725,0.6255295183280382,0.0,0.6255295183280382,0.6255295183280382,0.3065588558067931,0.0,0.3065588558067931,0.3065588558067931,1.2023016178622299,0.0,1.2023016178622299,1.2023016178622299,0.6947368421052632,0.0,0.6947368421052632,0.6947368421052632,0.0012688003480434418,0.0,0.0012688003480434418,0.0012688003480434418
moving_hotspot,0,0.2,tsvd_2d,uniform,0.1,1,1,229.2715917548367,0.0,229.2715917548367,229.2715917548367,0.7584376566704699,0.0,0.7584376566704699,0.7584376566704699,0.14285714285714285,0.0,0.14285714285714285,0.14285714285714285,0.5295998686768827,0.0,0.5295998686768827,0.5295998686768827,0.8333333333333334,0.0,0.8333333333333334,0.8333333333333334,0.003750271163880825,0.0,0.003750271163880825,0.003750271163880825
moving_hotspot,0,0.2,tsvd_2d,uniform,1.0,1,1,231.9124143129172,0.0,231.9124143129172,231.9124143129172,0.7481398599280149,0.0,0.7481398599280149,0.7481398599280149,0.14285714285714285,0.0,0.14285714285714285,0.14285714285714285,0.5366796220794011,0.0,0.5366796220794011,0.5366796220794011,0.7894736842105263,0.0,0.7894736842105263,0.7894736842105263,0.0037074172869324684,0.0,0.0037074172869324684,0.0037074172869324684
moving_hotspot,0,0.2,tsvd_2d,boundary_biased,0.1,1,1,228.36414821527197,0.0,228.36414821527197,228.36414821527197,0.7612907005191356,0.0,0.7612907005191356,0.7612907005191356,0.18098022620621237,0.0,0.18098022620621237,0.18098022620621237,0.545575245074911,0.0,0.545575245074911,0.545575245074911,0.8285714285714286,0.0,0.8285714285714286,0.8285714285714286,0.0037414319813251495,0.0,0.0037414319813251495,0.0037414319813251495
moving_hotspot,0,0.2,tsvd_2d,boundary_biased,1.0,1,1,231.48331693077927,0.0,231.48331693077927,231.48331693077927,0.7520318639490092,0.0,0.7520318639490092,0.7520318639490092,0.14285714285714285,0.0,0.14285714285714285,0.14285714285714285,0.5467663692672787,0.0,0.5467663692672787,0.5467663692672787,0.7894736842105263,0.0,0.7894736842105263,0.7894736842105263,0.005522093735635281,0.0,0.005522093735635281,0.005522093735635281
moving_hotspot,0,0.2,tsvd_2d,clustered,0.1,1,1,352.0173695490082,0.0,352.0173695490082,352.0173695490082,0.2220268973875571,0.0,0.2220268973875571,0.2220268973875571,0.2641796345570355,0.0,0.2641796345570355,0.2641796345570355,0.8498414988488836,0.0,0.8498414988488836,0.8498414988488836,0.5384615384615384,0.0,0.5384615384615384,0.5384615384615384,0.003695886582136154,0.0,0.003695886582136154,0.003695886582136154
moving_hotspot,0,0.2,tsvd_2d,clustered,1.0,1,1,352.0288846277004,0.0,352.0288846277004,352.0288846277004,0.22678789137398575,0.0,0.22678789137398575,0.22678789137398575,0.2641796345570355,0.0,0.2641796345570355,0.2641796345570355,0.8413071837571717,0.0,0.8413071837571717,0.8413071837571717,0.5316455696202531,0.0,0.5316455696202531,0.5316455696202531,0.003734651952981949,0.0,0.003734651952981949,0.003734651952981949
moving_hotspot,1,0.5,fast_bayesian,uniform,0.1,1,1,238.7930773279939,0.0,238.7930773279939,238.7930773279939,0.7331743243295832,0.0,0.7331743243295832,0.7331743243295832,0.18098022620621237,0.0,0.18098022620621237,0.18098022620621237,0.49657236819357814,0.0,0.49657236819357814,0.49657236819357814,0.7894736842105263,0.0,0.7894736842105263,0.7894736842105263,0.002547389827668667,0.0,0.002547389827668667,0.002547389827668667
moving_hotspot,1,0.5,fast_bayesian,uniform,1.0,1,1,252.56249053241467,0.0,252.56249053241467,252.56249053241467,0.7263420231358477,0.0,0.7263420231358477,0.7263420231358477,0.18098022620621237,0.0,0.18098022620621237,0.18098022620621237,0.3523034224824304,0.0,0.3523034224824304,0.3523034224824304,0.7407407407407407,0.0,0.7407407407407407,0.7407407407407407,0.002539142034947872,0.0,0.002539142034947872,0.002539142034947872
moving_hotspot,1,0.5,fast_bayesian,boundary_biased,0.1,1,1,263.406751164698,0.0,263.406751164698,263.406751164698,0.6455893429753834,0.0,0.6455893429753834,0.6455893429753834,0.18098022620621237,0.0,0.18098022620621237,0.18098022620621237,0.6283908665281314,0.0,0.6283908665281314,0.6283908665281314,0.6888888888888889,0.0,0.6888888888888889,0.6888888888888889,0.0025507714599370956,0.0,0.0025507714599370956,0.0025507714599370956
moving_hotspot,1,0.5,fast_bayesian,boundary_biased,1.0,1,1,273.2202277924964,0.0,273.2202277924964,273.2202277924964,0.6231966046209282,0.0,0.6231966046209282,0.6231966046209282,0.18098022620621237,0.0,0.18098022620621237,0.18098022620621237,0.5944382949129863,0.0,0.5944382949129863,0.5944382949129863,0.7126436781609196,0.0,0.7126436781609196,0.7126436781609196,0.0025609973818063736,0.0,0.0025609973818063736,0.0025609973818063736
moving_hotspot,1,0.5,fast_bayesian,clustered,0.1,1,1,277.1407262054702,0.0,277.1407262054702,277.1407262054702,0.5960485894310704,0.0,0.5960485894310704,0.5960485894310704,0.14285714285714285,0.0,0.14285714285714285,0.14285714285714285,0.7250365893141245,0.0,0.7250365893141245,0.7250365893141245,0.7466666666666667,0.0,0.7466666666666667,0.7466666666666667,0.004389827139675617,0.0,0.004389827139675617,0.004389827139675617
moving_hotspot,1,0.5,fast_bayesian,clustered,1.0,1,1,303.19436323766695,0.0,303.19436323766695,303.19436323766695,0.5247130472259949,0.0,0.5247130472259949,0.5247130472259949,0.2222222222222222,0.0,0.2222222222222222,0.2222222222222222,0.6847151557901512,0.0,0.6847151557901512,0.6847151557901512,0.691358024691358,0.0,0.691358024691358,0.691358024691358,0.0024887844920158386,0.0,0.0024887844920158386,0.0024887844920158386
moving_hotspot,1,0.5,tikhonov_2d,uniform,0.1,1,1,298.94827092371946,0.0,298.94827092371946,298.94827092371946,0.4377441928554423,0.0,0.4377441928554423,0.4377441928554423,0.36196045241242475,0.0,0.36196045241242475,0.36196045241242475,0.39080893829204694,0.0,0.39080893829204694,0.39080893829204694,0.7311827956989247,0.0,0.7311827956989247,0.7311827956989247,0.0013323351740837097,0.0,0.0013323351740837097,0.0013323351740837097
moving_hotspot,1,0.5,tikhonov_2d,uniform,1.0,1,1,298.67464995676363,0.0,298.67464995676363,298.67464995676363,0.42906481089108217,0.0,0.42906481089108217,0.42906481089108217,0.36196045241242475,0.0,0.36196045241242475,0.36196045241242475,0.43785170785366695,0.0,0.43785170785366695,0.43785170785366695,0.723404255319149,0.0,0.723404255319149,0.723404255319149,0.0012731021270155907,0.0,0.0012731021270155907,0.0012731021270155907
moving_hotspot,1,0.5,tikhonov_2d,boundary_biased,0.1,1,1,297.38862843915257,0.0,297.38862843915257,297.38862843915257,0.46016583007245676,0.0,0.46016583007245676,0.46016583007245676,0.36196045241242475,0.0,0.36196045241242475,0.36196045241242475,0.4216141087765075,0.0,0.4216141087765075,0.4216141087765075,0.7391304347826086,0.0,0.7391304347826086,0.7391304347826086,0.0012889532372355461,0.0,0.0012889532372355461,0.0012889532372355461
moving_hotspot,1,0.5,tikhonov_2d,boundary_biased,1.0,1,1,296.7212498795504,0.0,296.7212498795504,296.7212498795504,0.4529104589868496,0.0,0.4529104589868496,0.4529104589868496,0.36196045241242475,0.0,0.36196045241242475,0.36196045241242475,0.3853668778984696,0.0,0.3853668778984696,0.3853668778984696,0.7311827956989247,0.0,0.7311827956989247,0.7311827956989247,0.0012608254328370094,0.0,0.0012608254328370094,0.0012608254328370094
moving_hotspot,1,0.5,tikhonov_2d,clustered,0.1,1,1,319.56023519664666,0.0,319.56023519664666,319.56023519664666,0.4425607295938594,0.0,0.4425607295938594,0.4425607295938594,0.36196045241242475,0.0,0.36196045241242475,0.36196045241242475,0.42551349134572075,0.0,0.42551349134572075,0.42551349134572075,0.7391304347826086,0.0,0.7391304347826086,0.7391304347826086,0.0012955144047737122,0.0,0.0012955144047737122,0.0012955144047737122
moving_hotspot,1,0.5,tikhonov_2d,clustered,1.0,1,1,340.45987067522947,0.0,340.45987067522947,340.45987067522947,0.2690387581053476,0.0,0.2690387581053476,0.2690387581053476,0.2857142857142857,0.0,0.2857142857142857,0.2857142857142857,0.5184088094139042,0.0,0.5184088094139042,0.5184088094139042,0.5964912280701754,0.0,0.5964912280701754,0.5964912280701754,0.0012566326186060905,0.0,0.0012566326186060905,0.0012566326186060905
moving_hotspot,1,0.5,tsvd_2d,uniform,0.1,1,1,279.72245747357624,0.0,279.72245747357624,279.72245747357624,0.5849119487407483,0.0,0.5849119487407483,0.5849119487407483,0.14285714285714285,0.0,0.14285714285714285,0.14285714285714285,0.7056836755354786,0.0,0.7056836755354786,0.7056836755354786,0.6904761904761905,0.0,0.6904761904761905,0.6904761904761905,0.003738897852599621,0.0,0.003738897852599621,0.003738897852599621
moving_hotspot,1,0.5,tsvd_2d,uniform,1.0,1,1,282.49089003901827,0.0,282.49089003901827,282.49089003901827,0.5827342510756746,0.0,0.5827342510756746,0.5827342510756746,0.4390259265377566,0.0,0.4390259265377566,0.4390259265377566,0.6901881405724306,0.0,0.6901881405724306,0.6901881405724306,0.6904761904761905,0.0,0.6904761904761905,0.6904761904761905,0.0037417393177747726,0.0,0.0037417393177747726,0.0037417393177747726
moving_hotspot,1,0.5,tsvd_2d,boundary_biased,0.1,1,1,276.7244675956681,0.0,276.7244675956681,276.7244675956681,0.5989061500572778,0.0,0.5989061500572778,0.5989061500572778,0.18098022620621237,0.0,0.18098022620621237,0.18098022620621237,0.7057742088602863,0.0,0.7057742088602863,0.7057742088602863,0.6823529411764706,0.0,0.6823529411764706,0.6823529411764706,0.003734661266207695,0.0,0.003734661266207695,0.003734661266207695
moving_hotspot,1,0.5,tsvd_2d,boundary_biased,1.0,1,1,279.4963378129572,0.0,279.4963378129572,279.4963378129572,0.594260546639027,0.0,0.594260546639027,0.594260546639027,0.4390259265377566,0.0,0.4390259265377566,0.4390259265377566,0.6962309226993941,0.0,0.6962309226993941,0.6962309226993941,0.7160493827160493,0.0,0.7160493827160493,0.7160493827160493,0.0037587322294712067,0.0,0.0037587322294712067,0.0037587322294712067
moving_hotspot,1,0.5,tsvd_2d,clustered,0.1,1,1,324.02616727837255,0.0,324.02616727837255,324.02616727837255,0.36371359914300944,0.0,0.36371359914300944,0.36371359914300944,0.18098022620621237,0.0,0.18098022620621237,0.18098022620621237,0.8083859164350694,0.0,0.8083859164350694,0.8083859164350694,0.5925925925925926,0.0,0.5925925925925926,0.5925925925925926,0.0037060100585222244,0.0,0.0037060100585222244,0.0037060100585222244
moving_hotspot,1,0.5,tsvd_2d,clustered,1.0,1,1,324.0233684709774,0.0,324.0233684709774,324.0233684709774,0.36925766512833724,0.0,0.36925766512833724,0.36925766512833724,0.18098022620621237,0.0,0.18098022620621237,0.18098022620621237,0.79879845827906,0.0,0.79879845827906,0.79879845827906,0.5925925925925926,0.0,0.5925925925925926,0.5925925925925926,0.0036326050758361816,0.0,0.0036326050758361816,0.0036326050758361816
moving_hotspot,2,1.0,fast_bayesian,uniform,0.1,1,1,277.99847986360845,0.0,277.99847986360845,277.99847986360845,0.5938049958808562,0.0,0.5938049958808562,0.5938049958808562,0.14285714285714285,0.0,0.14285714285714285,0.14285714285714285,0.6659907354884665,0.0,0.6659907354884665,0.6659907354884665,0.7045454545454546,0.0,0.7045454545454546,0.7045454545454546,0.0025347573682665825,0.0,0.0025347573682665825,0.0025347573682665825
moving_hotspot,2,1.0,fast_bayesian,uniform,1.0,1,1,291.32841312248524,0.0,291.32841312248524,291.32841312248524,0.5712397840422969,0.0,0.5712397840422969,0.5712397840422969,0.2641796345570355,0.0,0.2641796345570355,0.2641796345570355,0.6252522468419289,0.0,0.6252522468419289,0.6252522468419289,0.6813186813186813,0.0,0.6813186813186813,0.6813186813186813,0.0041144369170069695,0.0,0.0041144369170069695,0.0041144369170069695
moving_hotspot,2,1.0,fast_bayesian,boundary_biased,0.1,1,1,277.1183791298211,0.0,277.1183791298211,277.1183791298211,0.5993766236376475,0.0,0.5993766236376475,0.5993766236376475,0.18098022620621237,0.0,0.18098022620621237,0.18098022620621237,0.6669204618657111,0.0,0.6669204618657111,0.6669204618657111,0.6896551724137931,0.0,0.6896551724137931,0.6896551724137931,0.0025651492178440094,0.0,0.0025651492178440094,0.0025651492178440094
moving_hotspot,2,1.0,fast_bayesian,boundary_biased,1.0,1,1,286.958279608609,0.0,286.958279608609,286.958279608609,0.5792113425068883,0.0,0.5792113425068883,0.5792113425068883,0.3065588558067931,0.0,0.3065588558067931,0.3065588558067931,0.6308102486799512,0.0,0.6308102486799512,0.6308102486799512,0.6739130434782609,0.0,0.6739130434782609,0.6739130434782609,0.002581048756837845,0.0,0.002581048756837845,0.002581048756837845
moving_hotspot,2,1.0,fast_bayesian,clustered,0.1,1,1,336.1216126237922,0.0,336.1216126237922,336.1216126237922,0.2970430814869684,0.0,0.2970430814869684,0.2970430814869684,0.18098022620621237,0.0,0.18098022620621237,0.18098022620621237,0.8060985210890799,0.0,0.8060985210890799,0.8060985210890799,0.5882352941176471,0.0,0.5882352941176471,0.5882352941176471,0.002523834817111492,0.0,0.002523834817111492,0.002523834817111492
moving_hotspot,2,1.0,fast_bayesian,clustered,1.0,1,1,359.0649632165613,0.0,359.0649632165613,359.0649632165613,0.26110796109009154,0.0,0.26110796109009154,0.26110796109009154,0.36265586218399565,0.0,0.36265586218399565,0.36265586218399565,0.7308353645818961,0.0,0.7308353645818961,0.7308353645818961,0.5853658536585366,0.0,0.5853658536585366,0.5853658536585366,0.0025386493653059006,0.0,0.0025386493653059006,0.0025386493653059006
moving_hotspot,2,1.0,tikhonov_2d,uniform,0.1,1,1,296.19092879183296,0.0,296.19092879183296,296.19092879183296,0.54410552587928,0.0,0.54410552587928,0.54410552587928,0.18098022620621237,0.0,0.18098022620621237,0.18098022620621237,0.40758641627064557,0.0,0.40758641627064557,0.40758641627064557,0.6947368421052632,0.0,0.6947368421052632,0.6947368421052632,0.001264294609427452,0.0,0.001264294609427452,0.001264294609427452
moving_hotspot,2,1.0,tikhonov_2d,uniform,1.0,1,1,299.2477025366241,0.0,299.2477025366241,299.2477025366241,0.5483697341169803,0.0,0.5483697341169803,0.5483697341169803,0.18098022620621237,0.0,0.18098022620621237,0.18098022620621237,0.31149586567296234,0.0,0.31149586567296234,0.31149586567296234,0.68,0.0,0.68,0.68,0.001279500313103199,0.0,0.001279500313103199,0.001279500313103199
moving_hotspot,2,1.0,tikhonov_2d,boundary_biased,0.1,1,1,283.36774991494315,0.0,283.36774991494315,283.36774991494315,0.5881090066837985,0.0,0.5881090066837985,0.5881090066837985,0.18098022620621237,0.0,0.18098022620621237,0.18098022620621237,0.391106935015324,0.0,0.391106935015324,0.391106935015324,0.6947368421052632,0.0,0.6947368421052632,0.6947368421052632,0.001435297541320324,0.0,0.001435297541320324,0.001435297541320324
moving_hotspot,2,1.0,tikhonov_2d,boundary_biased,1.0,1,1,309.93023019857304,0.0,309.93023019857304,309.93023019857304,0.5259303625154736,0.0,0.5259303625154736,0.5259303625154736,0.18098022620621237,0.0,0.18098022620621237,0.18098022620621237,0.21289225618785804,0.0,0.21289225618785804,0.21289225618785804,0.6601941747572816,0.0,0.6601941747572816,0.6601941747572816,0.0013310527428984642,0.0,0.0013310527428984642,0.0013310527428984642
moving_hotspot,2,1.0,tikhonov_2d,clustered,0.1,1,1,366.7582463248088,0.0,366.7582463248088,366.7582463248088,0.04545844421965196,0.0,0.04545844421965196,0.04545844421965196,0.582130819710865,0.0,0.582130819710865,0.582130819710865,0.6913236888179518,0.0,0.6913236888179518,0.6913236888179518,0.5964912280701754,0.0,0.5964912280701754,0.5964912280701754,0.0013357875868678093,0.0,0.0013357875868678093,0.0013357875868678093
moving_hotspot,2,1.0,tikhonov_2d,clustered,1.0,1,1,387.9819195947241,0.0,387.9819195947241,387.9819195947241,0.017340315929067922,0.0,0.017340315929067922,0.017340315929067922,0.878051853075513,0.0,0.878051853075513,0.878051853075513,0.6604058528116062,0.0,0.6604058528116062,0.6604058528116062,0.5964912280701754,0.0,0.5964912280701754,0.5964912280701754,0.001314428634941578,0.0,0.001314428634941578,0.001314428634941578
moving_hotspot,2,1.0,tsvd_2d,uniform,0.1,1,1,309.6582570197149,0.0,309.6582570197149,309.6582570197149,0.4561490065023344,0.0,0.4561490065023344,0.4561490065023344,0.18098022620621237,0.0,0.18098022620621237,0.18098022620621237,0.754486717190022,0.0,0.754486717190022,0.754486717190022,0.6341463414634146,0.0,0.6341463414634146,0.6341463414634146,0.003729764372110367,0.0,0.003729764372110367,0.003729764372110367
moving_hotspot,2,1.0,tsvd_2d,uniform,1.0,1,1,313.03108383348,0.0,313.03108383348,313.03108383348,0.45752251870318716,0.0,0.45752251870318716,0.45752251870318716,0.2641796345570355,0.0,0.2641796345570355,0.2641796345570355,0.7331621146328314,0.0,0.7331621146328314,0.7331621146328314,0.6265060240963856,0.0,0.6265060240963856,0.6265060240963856,0.003720102831721306,0.0,0.003720102831721306,0.003720102831721306
moving_hotspot,2,1.0,tsvd_2d,boundary_biased,0.1,1,1,306.80279042410126,0.0,306.80279042410126,306.80279042410126,0.47409673749168896,0.0,0.47409673749168896,0.47409673749168896,0.18098022620621237,0.0,0.18098022620621237,0.18098022620621237,0.7516276140526145,0.0,0.7516276140526145,0.7516276140526145,0.6172839506172839,0.0,0.6172839506172839,0.6172839506172839,0.003719910979270935,0.0,0.003719910979270935,0.003719910979270935
moving_hotspot,2,1.0,tsvd_2d,boundary_biased,1.0,1,1,309.8456347716696,0.0,309.8456347716696,309.8456347716696,0.47363876108003344,0.0,0.47363876108003344,0.47363876108003344,0.2641796345570355,0.0,0.2641796345570355,0.2641796345570355,0.7348878321878943,0.0,0.7348878321878943,0.7348878321878943,0.6341463414634146,0.0,0.6341463414634146,0.6341463414634146,0.0036923829466104507,0.0,0.0036923829466104507,0.0036923829466104507
moving_hotspot,2,1.0,tsvd_2d,clustered,0.1,1,1,342.12834184324674,0.0,342.12834184324674,342.12834184324674,0.2780325781564752,0.0,0.2780325781564752,0.2780325781564752,0.1111111111111111,0.0,0.1111111111111111,0.1111111111111111,0.8173785318768497,0.0,0.8173785318768497,0.8173785318768497,0.55,0.0,0.55,0.55,0.003660636954009533,0.0,0.003660636954009533,0.003660636954009533
moving_hotspot,2,1.0,tsvd_2d,clustered,1.0,1,1,342.20980973280194,0.0,342.20980973280194,342.20980973280194,0.2830629500162482,0.0,0.2830629500162482,0.2830629500162482,0.1111111111111111,0.0,0.1111111111111111,0.1111111111111111,0.8076539059562897,0.0,0.8076539059562897,0.8076539059562897,0.55,0.0,0.55,0.55,0.003659517504274845,0.0,0.003659517504274845,0.003659517504274845
overlapping_multi_spot,0,0.45,fast_bayesian,uniform,0.1,1,1,155.37620327495668,0.0,155.37620327495668,155.37620327495668,0.7636567731933549,0.0,0.7636567731933549,0.7636567731933549,0.1428571428571429,0.0,0.1428571428571429,0.1428571428571429,0.6295100522798128,0.0,0.6295100522798128,0.6295100522798128,0.8311688311688312,0.0,0.8311688311688312,0.8311688311688312,0.002541623078286648,0.0,0.002541623078286648,0.002541623078286648
overlapping_multi_spot,0,0.45,fast_bayesian,uniform,1.0,1,1,174.41775202089008,0.0,174.41775202089008,174.41775202089008,0.7246475053052103,0.0,0.7246475053052103,0.7246475053052103,0.1428571428571429,0.0,0.1428571428571429,0.1428571428571429,0.5776048500684913,0.0,0.5776048500684913,0.5776048500684913,0.7792207792207793,0.0,0.7792207792207793,0.7792207792207793,0.002546831965446472,0.0,0.002546831965446472,0.002546831965446472
overlapping_multi_spot,0,0.45,fast_bayesian,boundary_biased,0.1,1,1,151.04111974713936,0.0,151.04111974713936,151.04111974713936,0.7779564990368455,0.0,0.7779564990368455,0.7779564990368455,0.1428571428571429,0.0,0.1428571428571429,0.1428571428571429,0.6304335379684779,0.0,0.6304335379684779,0.6304335379684779,0.8311688311688312,0.0,0.8311688311688312,0.8311688311688312,0.002563110552728176,0.0,0.002563110552728176,0.002563110552728176
overlapping_multi_spot,0,0.45,fast_bayesian,boundary_biased,1.0,1,1,168.1223062957856,0.0,168.1223062957856,168.1223062957856,0.7359266552725972,0.0,0.7359266552725972,0.7359266552725972,0.18098022620621237,0.0,0.18098022620621237,0.18098022620621237,0.6086098501862064,0.0,0.6086098501862064,0.6086098501862064,0.8266666666666667,0.0,0.8266666666666667,0.8266666666666667,0.002525579184293747,0.0,0.002525579184293747,0.002525579184293747
overlapping_multi_spot,0,0.45,fast_bayesian,clustered,0.1,1,1,189.60231920693056,0.0,189.60231920693056,189.60231920693056,0.6329336858959435,0.0,0.6329336858959435,0.6329336858959435,0.28571428571428575,0.0,0.28571428571428575,0.28571428571428575,0.6998800528252073,0.0,0.6998800528252073,0.6998800528252073,0.7466666666666667,0.0,0.7466666666666667,0.7466666666666667,0.002522914670407772,0.0,0.002522914670407772,0.002522914670407772
overlapping_multi_spot,0,0.45,fast_bayesian,clustered,1.0,1,1,227.05263341936836,0.0,227.05263341936836,227.05263341936836,0.6296283976480641,0.0,0.6296283976480641,0.6296283976480641,0.1428571428571429,0.0,0.1428571428571429,0.1428571428571429,0.8059584041490256,0.0,0.8059584041490256,0.8059584041490256,0.7058823529411765,0.0,0.7058823529411765,0.7058823529411765,0.002520042471587658,0.0,0.002520042471587658,0.002520042471587658
overlapping_multi_spot,0,0.45,tikhonov_2d,uniform,0.1,1,1,178.31493202822546,0.0,178.31493202822546,178.31493202822546,0.6706161371551178,0.0,0.6706161371551178,0.6706161371551178,0.1428571428571429,0.0,0.1428571428571429,0.1428571428571429,0.6940043208095447,0.0,0.6940043208095447,0.6940043208095447,0.7317073170731707,0.0,0.7317073170731707,0.7317073170731707,0.0012635989114642143,0.0,0.0012635989114642143,0.0012635989114642143
overlapping_multi_spot,0,0.45,tikhonov_2d,uniform,1.0,1,1,177.05397631278618,0.0,177.05397631278618,177.05397631278618,0.6997886341729026,0.0,0.6997886341729026,0.6997886341729026,0.0,0.0,0.0,0.0,0.5203913094815226,0.0,0.5203913094815226,0.5203913094815226,0.6896551724137931,0.0,0.6896551724137931,0.6896551724137931,0.0012931814417243004,0.0,0.0012931814417243004,0.0012931814417243004
overlapping_multi_spot,0,0.45,tikhonov_2d,boundary_biased,0.1,1,1,141.24372295893565,0.0,141.24372295893565,141.24372295893565,0.7975012547915853,0.0,0.7975012547915853,0.7975012547915853,0.0,0.0,0.0,0.0,0.33176560159103674,0.0,0.33176560159103674,0.33176560159103674,0.775,0.0,0.775,0.775,0.0012955069541931152,0.0,0.0012955069541931152,0.0012955069541931152
overlapping_multi_spot,0,0.45,tikhonov_2d,boundary_biased,1.0,1,1,196.3488704467084,0.0,196.3488704467084,196.3488704467084,0.6363365479231816,0.0,0.6363365479231816,0.6363365479231816,0.18098022620621237,0.0,0.18098022620621237,0.18098022620621237,0.35101923541340935,0.0,0.35101923541340935,0.35101923541340935,0.6813186813186813,0.0,0.6813186813186813,0.6813186813186813,0.0012714061886072159,0.0,0.0012714061886072159,0.0012714061886072159
overlapping_multi_spot,0,0.45,tikhonov_2d,clustered,0.1,1,1,313.76796154827707,0.0,313.76796154827707,313.76796154827707,0.159031087055072,0.0,0.159031087055072,0.159031087055072,0.43902592653775646,0.0,0.43902592653775646,0.43902592653775646,1.5424555475488138,0.0,1.5424555475488138,1.5424555475488138,0.62,0.0,0.62,0.62,0.0012876009568572044,0.0,0.0012876009568572044,0.0012876009568572044
overlapping_multi_spot,0,0.45,tikhonov_2d,clustered,1.0,1,1,418.33251123781713,0.0,418.33251123781713,418.33251123781713,0.15698955096681563,0.0,0.15698955096681563,0.15698955096681563,0.36196045241242475,0.0,0.36196045241242475,0.36196045241242475,10.01106069238387,0.0,10.01106069238387,10.01106069238387,0.6185567010309279,0.0,0.6185567010309279,0.6185567010309279,0.0012697912752628326,0.0,0.0012697912752628326,0.0012697912752628326
overlapping_multi_spot,0,0.45,tsvd_2d,uniform,0.1,1,1,168.64816276433987,0.0,168.64816276433987,168.64816276433987,0.6977852335548248,0.0,0.6977852335548248,0.6977852335548248,0.18098022620621237,0.0,0.18098022620621237,0.18098022620621237,0.651955321006466,0.0,0.651955321006466,0.651955321006466,0.8148148148148148,0.0,0.8148148148148148,0.8148148148148148,0.003782183863222599,0.0,0.003782183863222599,0.003782183863222599
overlapping_multi_spot,0,0.45,tsvd_2d,uniform,1.0,1,1,175.08850823660873,0.0,175.08850823660873,175.08850823660873,0.7067525072998656,0.0,0.7067525072998656,0.7067525072998656,0.18098022620621237,0.0,0.18098022620621237,0.18098022620621237,0.5975823645594334,0.0,0.5975823645594334,0.5975823645594334,0.8205128205128205,0.0,0.8205128205128205,0.8205128205128205,0.0037301527336239815,0.0,0.0037301527336239815,0.0037301527336239815
overlapping_multi_spot,0,0.45,tsvd_2d,boundary_biased,0.1,1,1,163.3053851313302,0.0,163.3053851313302,163.3053851313302,0.7216587581414419,0.0,0.7216587581414419,0.7216587581414419,0.18098022620621237,0.0,0.18098022620621237,0.18098022620621237,0.6559851230354732,0.0,0.6559851230354732,0.6559851230354732,0.8148148148148148,0.0,0.8148148148148148,0.8148148148148148,0.0037797940894961357,0.0,0.0037797940894961357,0.0037797940894961357
overlapping_multi_spot,0,0.45,tsvd_2d,boundary_biased,1.0,1,1,168.79215328030807,0.0,168.79215328030807,168.79215328030807,0.7333214639767718,0.0,0.7333214639767718,0.7333214639767718,0.18098022620621237,0.0,0.18098022620621237,0.18098022620621237,0.6202993193658749,0.0,0.6202993193658749,0.6202993193658749,0.8205128205128205,0.0,0.8205128205128205,0.8205128205128205,0.0037694070488214493,0.0,0.0037694070488214493,0.0037694070488214493
overlapping_multi_spot,0,0.45,tsvd_2d,clustered,0.1,1,1,254.1119377663968,0.0,254.1119377663968,254.1119377663968,0.19117212189965127,0.0,0.19117212189965127,0.19117212189965127,0.528359269114071,0.0,0.528359269114071,0.528359269114071,0.8606630990647196,0.0,0.8606630990647196,0.8606630990647196,0.6486486486486487,0.0,0.6486486486486487,0.6486486486486487,0.003707115538418293,0.0,0.003707115538418293,0.003707115538418293
overlapping_multi_spot,0,0.45,tsvd_2d,clustered,1.0,1,1,254.23038231657222,0.0,254.23038231657222,254.23038231657222,0.19677520669996912,0.0,0.19677520669996912,0.19677520669996912,0.528359269114071,0.0,0.528359269114071,0.528359269114071,0.8485856165772058,0.0,0.8485856165772058,0.8485856165772058,0.6486486486486487,0.0,0.6486486486486487,0.6486486486486487,0.003709321841597557,0.0,0.003709321841597557,0.003709321841597557
overlapping_multi_spot,1,0.2,fast_bayesian,uniform,0.1,1,1,91.6406205399387,0.0,91.6406205399387,91.6406205399387,0.9521269526019915,0.0,0.9521269526019915,0.9521269526019915,0.0,0.0,0.0,0.0,0.37987397129666184,0.0,0.37987397129666184,0.37987397129666184,0.8518518518518519,0.0,0.8518518518518519,0.8518518518518519,0.00256227795034647,0.0,0.00256227795034647,0.00256227795034647
overlapping_multi_spot,1,0.2,fast_bayesian,uniform,1.0,1,1,120.74976275517763,0.0,120.74976275517763,120.74976275517763,0.9242408188422601,0.0,0.9242408188422601,0.9242408188422601,0.0,0.0,0.0,0.0,0.2724463073290049,0.0,0.2724463073290049,0.2724463073290049,0.7692307692307693,0.0,0.7692307692307693,0.7692307692307693,0.002509649842977524,0.0,0.002509649842977524,0.002509649842977524
overlapping_multi_spot,1,0.2,fast_bayesian,boundary_biased,0.1,1,1,104.65192421566,0.0,104.65192421566,104.65192421566,0.9360288229193474,0.0,0.9360288229193474,0.9360288229193474,0.0,0.0,0.0,0.0,0.43643972090780947,0.0,0.43643972090780947,0.43643972090780947,0.8928571428571429,0.0,0.8928571428571429,0.8928571428571429,0.0025624651461839676,0.0,0.0025624651461839676,0.0025624651461839676
overlapping_multi_spot,1,0.2,fast_bayesian,boundary_biased,1.0,1,1,126.45810590061548,0.0,126.45810590061548,126.45810590061548,0.9075764072922929,0.0,0.9075764072922929,0.9075764072922929,0.11111111111111105,0.0,0.11111111111111105,0.11111111111111105,0.46887864323577305,0.0,0.46887864323577305,0.46887864323577305,0.8666666666666667,0.0,0.8666666666666667,0.8666666666666667,0.002560347318649292,0.0,0.002560347318649292,0.002560347318649292
overlapping_multi_spot,1,0.2,fast_bayesian,clustered,0.1,1,1,199.78124633209472,0.0,199.78124633209472,199.78124633209472,0.6895863677384446,0.0,0.6895863677384446,0.6895863677384446,0.14285714285714285,0.0,0.14285714285714285,0.14285714285714285,0.6998865702409353,0.0,0.6998865702409353,0.6998865702409353,0.647887323943662,0.0,0.647887323943662,0.647887323943662,0.0025233998894691467,0.0,0.0025233998894691467,0.0025233998894691467
overlapping_multi_spot,1,0.2,fast_bayesian,clustered,1.0,1,1,232.75173889870393,0.0,232.75173889870393,232.75173889870393,0.6786112298938447,0.0,0.6786112298938447,0.6786112298938447,0.0,0.0,0.0,0.0,0.65599221794117,0.0,0.65599221794117,0.65599221794117,0.5822784810126582,0.0,0.5822784810126582,0.5822784810126582,0.0024801893159747124,0.0,0.0024801893159747124,0.0024801893159747124
overlapping_multi_spot,1,0.2,tikhonov_2d,uniform,0.1,1,1,233.8238298811692,0.0,233.8238298811692,233.8238298811692,0.5912087837768069,0.0,0.5912087837768069,0.5912087837768069,0.0,0.0,0.0,0.0,0.4780150487463393,0.0,0.4780150487463393,0.4780150487463393,0.7246376811594203,0.0,0.7246376811594203,0.7246376811594203,0.0012691318988800049,0.0,0.0012691318988800049,0.0012691318988800049
overlapping_multi_spot,1,0.2,tikhonov_2d,uniform,1.0,1,1,123.11512516167208,0.0,123.11512516167208,123.11512516167208,0.9150368359595715,0.0,0.9150368359595715,0.9150368359595715,0.0,0.0,0.0,0.0,0.5123715650574191,0.0,0.5123715650574191,0.5123715650574191,0.7575757575757576,0.0,0.7575757575757576,0.7575757575757576,0.001327957957983017,0.0,0.001327957957983017,0.001327957957983017
overlapping_multi_spot,1,0.2,tikhonov_2d,boundary_biased,0.1,1,1,231.38800118107898,0.0,231.38800118107898,231.38800118107898,0.6077115912483801,0.0,0.6077115912483801,0.6077115912483801,0.0,0.0,0.0,0.0,0.42838505208817607,0.0,0.42838505208817607,0.42838505208817607,0.7352941176470589,0.0,0.7352941176470589,0.7352941176470589,0.0013380497694015503,0.0,0.0013380497694015503,0.0013380497694015503
overlapping_multi_spot,1,0.2,tikhonov_2d,boundary_biased,1.0,1,1,128.19996434530924,0.0,128.19996434530924,128.19996434530924,0.9008693143112572,0.0,0.9008693143112572,0.9008693143112572,0.0,0.0,0.0,0.0,0.895759414985157,0.0,0.895759414985157,0.895759414985157,0.7692307692307693,0.0,0.7692307692307693,0.7692307692307693,0.0013258596882224083,0.0,0.0013258596882224083,0.0013258596882224083
overlapping_multi_spot,1,0.2,tikhonov_2d,clustered,0.1,1,1,310.46943780913267,0.0,310.46943780913267,310.46943780913267,0.048372161635625285,0.0,0.048372161635625285,0.048372161635625285,0.617417471072277,0.0,0.617417471072277,0.617417471072277,0.6454650863576072,0.0,0.6454650863576072,0.6454650863576072,0.5046728971962616,0.0,0.5046728971962616,0.5046728971962616,0.0013548936694860458,0.0,0.0013548936694860458,0.0013548936694860458
overlapping_multi_spot,1,0.2,tikhonov_2d,clustered,1.0,1,1,369.3695006125263,0.0,369.3695006125263,369.3695006125263,0.2933441232383311,0.0,0.2933441232383311,0.2933441232383311,0.4827589309760492,0.0,0.4827589309760492,0.4827589309760492,12.375048201144118,0.0,12.375048201144118,12.375048201144118,0.5813953488372093,0.0,0.5813953488372093,0.5813953488372093,0.0013076215982437134,0.0,0.0013076215982437134,0.0013076215982437134
overlapping_multi_spot,1,0.2,tsvd_2d,uniform,0.1,1,1,126.91288985553301,0.0,126.91288985553301,126.91288985553301,0.9004311734606502,0.0,0.9004311734606502,0.9004311734606502,0.11111111111111105,0.0,0.11111111111111105,0.11111111111111105,0.42010725784783975,0.0,0.42010725784783975,0.42010725784783975,0.847457627118644,0.0,0.847457627118644,0.847457627118644,0.0037028472870588303,0.0,0.0037028472870588303,0.0037028472870588303
overlapping_multi_spot,1,0.2,tsvd_2d,uniform,1.0,1,1,134.9013414601948,0.0,134.9013414601948,134.9013414601948,0.8956241145135321,0.0,0.8956241145135321,0.8956241145135321,0.11111111111111105,0.0,0.11111111111111105,0.11111111111111105,0.39873847523480593,0.0,0.39873847523480593,0.39873847523480593,0.896551724137931,0.0,0.896551724137931,0.896551724137931,0.0036387164145708084,0.0,0.0036387164145708084,0.0036387164145708084
overlapping_multi_spot,1,0.2,tsvd_2d,boundary_biased,0.1,1,1,119.72307701523232,0.0,119.72307701523232,119.72307701523232,0.9122731094427212,0.0,0.9122731094427212,0.9122731094427212,0.11111111111111105,0.0,0.11111111111111105,0.11111111111111105,0.4615646109376228,0.0,0.4615646109376228,0.4615646109376228,0.8813559322033898,0.0,0.8813559322033898,0.8813559322033898,0.0037337131798267365,0.0,0.0037337131798267365,0.0037337131798267365
overlapping_multi_spot,1,0.2,tsvd_2d,boundary_biased,1.0,1,1,126.33116717216525,0.0,126.33116717216525,126.33116717216525,0.9082806267950432,0.0,0.9082806267950432,0.9082806267950432,0.11111111111111105,0.0,0.11111111111111105,0.11111111111111105,0.4719618464725479,0.0,0.4719618464725479,0.4719618464725479,0.896551724137931,0.0,0.896551724137931,0.896551724137931,0.003692083992063999,0.0,0.003692083992063999,0.003692083992063999
overlapping_multi_spot,1,0.2,tsvd_2d,clustered,0.1,1,1,276.2103749446537,0.0,276.2103749446537,276.2103749446537,0.2867665731538004,0.0,0.2867665731538004,0.2867665731538004,0.4668394022175474,0.0,0.4668394022175474,0.4668394022175474,0.8438453176116366,0.0,0.8438453176116366,0.8438453176116366,0.5588235294117647,0.0,0.5588235294117647,0.5588235294117647,0.0036937836557626724,0.0,0.0036937836557626724,0.0036937836557626724
overlapping_multi_spot,1,0.2,tsvd_2d,clustered,1.0,1,1,276.289809221184,0.0,276.289809221184,276.289809221184,0.29336982633327097,0.0,0.29336982633327097,0.29336982633327097,0.4668394022175474,0.0,0.4668394022175474,0.4668394022175474,0.8324384194402299,0.0,0.8324384194402299,0.8324384194402299,0.5428571428571428,0.0,0.5428571428571428,0.5428571428571428,0.0036479923874139786,0.0,0.0036479923874139786,0.0036479923874139786
overlapping_multi_spot,2,0.07,fast_bayesian,uniform,0.1,1,1,93.80005559555069,0.0,93.80005559555069,93.80005559555069,0.960218118015209,0.0,0.960218118015209,0.960218118015209,0.0,0.0,0.0,0.0,0.3885530184600514,0.0,0.3885530184600514,0.3885530184600514,0.84,0.0,0.84,0.84,0.0025241952389478683,0.0,0.0025241952389478683,0.0025241952389478683
overlapping_multi_spot,2,0.07,fast_bayesian,uniform,1.0,1,1,121.7723784786716,0.0,121.7723784786716,121.7723784786716,0.9388284177493743,0.0,0.9388284177493743,0.9388284177493743,0.0,0.0,0.0,0.0,0.2803586975234798,0.0,0.2803586975234798,0.2803586975234798,0.711864406779661,0.0,0.711864406779661,0.711864406779661,0.0024979617446660995,0.0,0.0024979617446660995,0.0024979617446660995
overlapping_multi_spot,2,0.07,fast_bayesian,boundary_biased,0.1,1,1,117.80366178673958,0.0,117.80366178673958,117.80366178673958,0.9355114085726358,0.0,0.9355114085726358,0.9355114085726358,0.0,0.0,0.0,0.0,0.4530203230680752,0.0,0.4530203230680752,0.4530203230680752,0.8235294117647058,0.0,0.8235294117647058,0.8235294117647058,0.002556389197707176,0.0,0.002556389197707176,0.002556389197707176
overlapping_multi_spot,2,0.07,fast_bayesian,boundary_biased,1.0,1,1,136.96296756347584,0.0,136.96296756347584,136.96296756347584,0.9134678929018318,0.0,0.9134678929018318,0.9134678929018318,0.11111111111111105,0.0,0.11111111111111105,0.11111111111111105,0.4731015280238737,0.0,0.4731015280238737,0.4731015280238737,0.7924528301886793,0.0,0.7924528301886793,0.7924528301886793,0.00255435798317194,0.0,0.00255435798317194,0.00255435798317194
overlapping_multi_spot,2,0.07,fast_bayesian,clustered,0.1,1,1,237.94177334701388,0.0,237.94177334701388,237.94177334701388,0.6325863395417306,0.0,0.6325863395417306,0.6325863395417306,0.14285714285714285,0.0,0.14285714285714285,0.14285714285714285,0.7328660697180981,0.0,0.7328660697180981,0.7328660697180981,0.5846153846153846,0.0,0.5846153846153846,0.5846153846153846,0.0024972688406705856,0.0,0.0024972688406705856,0.0024972688406705856
overlapping_multi_spot,2,0.07,fast_bayesian,clustered,1.0,1,1,265.2533583722765,0.0,265.2533583722765,265.2533583722765,0.6366619188382416,0.0,0.6366619188382416,0.6366619188382416,0.0,0.0,0.0,0.0,0.672593213904689,0.0,0.672593213904689,0.672593213904689,0.5277777777777778,0.0,0.5277777777777778,0.5277777777777778,0.0025186575949192047,0.0,0.0025186575949192047,0.0025186575949192047
overlapping_multi_spot,2,0.07,tikhonov_2d,uniform,0.1,1,1,256.61561678739145,0.0,256.61561678739145,256.61561678739145,0.6321236728149822,0.0,0.6321236728149822,0.6321236728149822,0.0,0.0,0.0,0.0,0.4174722332516198,0.0,0.4174722332516198,0.4174722332516198,0.65625,0.0,0.65625,0.65625,0.0013369880616664886,0.0,0.0013369880616664886,0.0013369880616664886
overlapping_multi_spot,2,0.07,tikhonov_2d,uniform,1.0,1,1,148.26979191289848,0.0,148.26979191289848,148.26979191289848,0.9041152921205795,0.0,0.9041152921205795,0.9041152921205795,0.0,0.0,0.0,0.0,1.3635599053946847,0.0,1.3635599053946847,1.3635599053946847,0.6885245901639344,0.0,0.6885245901639344,0.6885245901639344,0.0012771980836987495,0.0,0.0012771980836987495,0.0012771980836987495
overlapping_multi_spot,2,0.07,tikhonov_2d,boundary_biased,0.1,1,1,254.3801871224248,0.0,254.3801871224248,254.3801871224248,0.6467894762337191,0.0,0.6467894762337191,0.6467894762337191,0.0,0.0,0.0,0.0,0.42988480634912946,0.0,0.42988480634912946,0.42988480634912946,0.6363636363636364,0.0,0.6363636363636364,0.6363636363636364,0.0013301828876137733,0.0,0.0013301828876137733,0.0013301828876137733
overlapping_multi_spot,2,0.07,tikhonov_2d,boundary_biased,1.0,1,1,107.25655360535373,0.0,107.25655360535373,107.25655360535373,0.9421086973730962,0.0,0.9421086973730962,0.9421086973730962,0.0,0.0,0.0,0.0,1.6401827451453812,0.0,1.6401827451453812,1.6401827451453812,0.6885245901639344,0.0,0.6885245901639344,0.6885245901639344,0.0012722862884402275,0.0,0.0012722862884402275,0.0012722862884402275
overlapping_multi_spot,2,0.07,tikhonov_2d,clustered,0.1,1,1,347.30532015079905,0.0,347.30532015079905,347.30532015079905,0.04662639202351959,0.0,0.04662639202351959,0.04662639202351959,0.617417471072277,0.0,0.617417471072277,0.617417471072277,0.6516584021299346,0.0,0.6516584021299346,0.6516584021299346,0.4158415841584158,0.0,0.4158415841584158,0.4158415841584158,0.001277499832212925,0.0,0.001277499832212925,0.001277499832212925
overlapping_multi_spot,2,0.07,tikhonov_2d,clustered,1.0,1,1,346.48315975874885,0.0,346.48315975874885,346.48315975874885,0.4061650382334587,0.0,0.4061650382334587,0.4061650382334587,0.14285714285714285,0.0,0.14285714285714285,0.14285714285714285,14.070894553497183,0.0,14.070894553497183,14.070894553497183,0.525,0.0,0.525,0.525,0.0012845415621995926,0.0,0.0012845415621995926,0.0012845415621995926
overlapping_multi_spot,2,0.07,tsvd_2d,uniform,0.1,1,1,136.76264234666849,0.0,136.76264234666849,136.76264234666849,0.9094310180760301,0.0,0.9094310180760301,0.9094310180760301,0.11111111111111105,0.0,0.11111111111111105,0.11111111111111105,0.3899706180992575,0.0,0.3899706180992575,0.3899706180992575,0.7636363636363637,0.0,0.7636363636363637,0.7636363636363637,0.0036769555881619453,0.0,0.0036769555881619453,0.0036769555881619453
overlapping_multi_spot,2,0.07,tsvd_2d,uniform,1.0,1,1,143.20289451080305,0.0,143.20289451080305,143.20289451080305,0.9060068852357074,0.0,0.9060068852357074,0.9060068852357074,0.11111111111111105,0.0,0.11111111111111105,0.11111111111111105,0.39393382714653696,0.0,0.39393382714653696,0.39393382714653696,0.7777777777777778,0.0,0.7777777777777778,0.7777777777777778,0.0036717364564538,0.0,0.0036717364564538,0.0036717364564538
overlapping_multi_spot,2,0.07,tsvd_2d,boundary_biased,0.1,1,1,131.18186491451772,0.0,131.18186491451772,131.18186491451772,0.9173574329513559,0.0,0.9173574329513559,0.9173574329513559,0.11111111111111105,0.0,0.11111111111111105,0.11111111111111105,0.45191485307201934,0.0,0.45191485307201934,0.45191485307201934,0.7636363636363637,0.0,0.7636363636363637,0.7636363636363637,0.0036965692415833473,0.0,0.0036965692415833473,0.0036965692415833473
overlapping_multi_spot,2,0.07,tsvd_2d,boundary_biased,1.0,1,1,136.4447978594405,0.0,136.4447978594405,136.4447978594405,0.9145438388553492,0.0,0.9145438388553492,0.9145438388553492,0.11111111111111105,0.0,0.11111111111111105,0.11111111111111105,0.4733749267949709,0.0,0.4733749267949709,0.4733749267949709,0.7924528301886793,0.0,0.7924528301886793,0.7924528301886793,0.0037791691720485687,0.0,0.0037791691720485687,0.0037791691720485687
overlapping_multi_spot,2,0.07,tsvd_2d,clustered,0.1,1,1,309.0247183635025,0.0,309.0247183635025,309.0247183635025,0.2764175576242933,0.0,0.2764175576242933,0.2764175576242933,0.4668394022175474,0.0,0.4668394022175474,0.4668394022175474,0.8563179805503945,0.0,0.8563179805503945,0.8563179805503945,0.5161290322580645,0.0,0.5161290322580645,0.5161290322580645,0.003693448379635811,0.0,0.003693448379635811,0.003693448379635811
overlapping_multi_spot,2,0.07,tsvd_2d,clustered,1.0,1,1,309.0869322116224,0.0,309.0869322116224,309.0869322116224,0.2824543627765795,0.0,0.2824543627765795,0.2824543627765795,0.4668394022175474,0.0,0.4668394022175474,0.4668394022175474,0.8462265488537049,0.0,0.8462265488537049,0.8462265488537049,0.5161290322580645,0.0,0.5161290322580645,0.5161290322580645,0.0036986907944083214,0.0,0.0036986907944083214,0.0036986907944083214
