track_name,family_name,primary_axis_name,primary_axis_level,primary_axis_value,secondary_axis_name,secondary_axis_level,secondary_axis_value,solver_name,sensor_config,sensor_count,noise_sigma,seed,rmse_flux,ssim_flux,peak_localization_error,band_error_scalar,band_low_rel_error,band_mid_rel_error,band_high_rel_error,support_overlap,runtime_seconds,success,failure_reason,selected_reg_param,selected_rank,selected_n_modes,posterior_uncertainty_mean,solver_notes,ny_q,nt_q
stress_track,discontinuous_piecewise,jump_sharpness,0,8.0,stress_level,sharp,sharp,tikhonov_2d,sparse,4,0.5,0,319.83860897268477,0.23352961587688556,0.528359269114071,0.6515958477175263,0.4692568976281401,0.8940308689787293,0.5914997765457095,0.7413793103448276,0.0017258860170841217,1,,0.001,nan,nan,nan,tikhonov_2d,8,10
stress_track,discontinuous_piecewise,jump_sharpness,0,8.0,stress_level,sharp,sharp,tsvd_2d,sparse,4,0.5,0,350.03815596095916,0.18808716614100665,0.2857142857142857,0.8281298909009726,0.6275662669021789,0.861985048073107,0.9948383577276319,0.6373626373626373,0.002575414255261421,1,,nan,2,nan,nan,tsvd_2d,8,10
stress_track,discontinuous_piecewise,jump_sharpness,0,8.0,stress_level,sharp,sharp,fast_bayesian,sparse,4,0.5,0,325.1072596990582,0.33195370858243406,0.4390259265377566,0.7710120491917393,0.48717182564708017,0.828479041805705,0.9973852801224324,0.7368421052631579,0.0012444863095879555,1,,nan,nan,4,22.093473517380907,fast_bayesian_2d,8,10
stress_track,discontinuous_piecewise,jump_sharpness,0,8.0,stress_level,sharp,sharp,tikhonov_2d,sparse,4,0.5,1,326.1375878412287,0.23131154243732216,0.5429406786186372,0.5762904152544238,0.46794416772516867,0.8445103439936068,0.4164167340444959,0.8269230769230769,0.0012227334082126617,1,,0.001,nan,nan,nan,tikhonov_2d,8,10
stress_track,discontinuous_piecewise,jump_sharpness,0,8.0,stress_level,sharp,sharp,tsvd_2d,sparse,4,0.5,1,350.45660722665076,0.20341942772549518,0.2857142857142857,0.8235271934215377,0.6168963609446521,0.8588391897519126,0.9948460295680485,0.6363636363636364,0.0016699377447366714,1,,nan,2,nan,nan,tsvd_2d,8,10
stress_track,discontinuous_piecewise,jump_sharpness,0,8.0,stress_level,sharp,sharp,fast_bayesian,sparse,4,0.5,1,325.86439652690126,0.32327273546672447,0.4390259265377566,0.7930295277764378,0.5282738904151651,0.8527983003407958,0.9980163925733521,0.7311827956989247,0.001270306296646595,1,,nan,nan,4,22.093473517380907,fast_bayesian_2d,8,10
stress_track,discontinuous_piecewise,jump_sharpness,0,8.0,stress_level,sharp,sharp,tikhonov_2d,sparse,4,1.0,0,314.15920913372224,0.24340337066861703,0.528359269114071,0.6985309112372468,0.47361742706348725,0.9234888308510167,0.698486475797236,0.6991869918699187,0.0012779338285326958,1,,0.001,nan,nan,nan,tikhonov_2d,8,10
stress_track,discontinuous_piecewise,jump_sharpness,0,8.0,stress_level,sharp,sharp,tsvd_2d,sparse,4,1.0,0,350.17775918247753,0.17454864868382167,0.2857142857142857,0.8331065149779834,0.6390234736440781,0.8654110594352361,0.994885011854636,0.6451612903225806,0.001655043102800846,1,,nan,2,nan,nan,tsvd_2d,8,10
stress_track,discontinuous_piecewise,jump_sharpness,0,8.0,stress_level,sharp,sharp,fast_bayesian,sparse,4,1.0,0,327.6206852642556,0.3310508745862051,0.4390259265377566,0.7561693839220359,0.45886138395472154,0.8128958843994233,0.9967508834119633,0.7368421052631579,0.0012073805555701256,1,,nan,nan,4,43.87034648767239,fast_bayesian_2d,8,10
stress_track,discontinuous_piecewise,jump_sharpness,0,8.0,stress_level,sharp,sharp,tikhonov_2d,sparse,4,1.0,1,326.34023724200614,0.2389038237769438,0.617417471072277,0.5545211810387459,0.4723887956525195,0.8287026208944138,0.3624721265693045,0.8349514563106796,0.00121352169662714,1,,0.001,nan,nan,nan,tikhonov_2d,8,10
stress_track,discontinuous_piecewise,jump_sharpness,0,8.0,stress_level,sharp,sharp,tsvd_2d,sparse,4,1.0,1,350.654742924484,0.20597524059668834,0.2857142857142857,0.8246181896638606,0.619129788170108,0.8598089612478644,0.9949158195736091,0.6436781609195402,0.001600523479282856,1,,nan,2,nan,nan,tsvd_2d,8,10
stress_track,discontinuous_piecewise,jump_sharpness,0,8.0,stress_level,sharp,sharp,fast_bayesian,sparse,4,1.0,1,328.58479373578035,0.3149664955616315,0.4390259265377566,0.8004158079474745,0.5415828867241043,0.8616160656813308,0.9980484714369884,0.7111111111111111,0.0012180693447589874,1,,nan,nan,4,43.87034648767239,fast_bayesian_2d,8,10
stress_track,discontinuous_piecewise,jump_sharpness,1,20.0,stress_level,very_sharp,very_sharp,tikhonov_2d,sparse,4,0.5,0,315.8884385204476,0.19714402217183802,0.528359269114071,0.7174102548839126,0.5026773569048513,0.94457344887685,0.7049799588700366,0.6206896551724138,0.001226978376507759,1,,0.001,nan,nan,nan,tikhonov_2d,8,10
stress_track,discontinuous_piecewise,jump_sharpness,1,20.0,stress_level,very_sharp,very_sharp,tsvd_2d,sparse,4,0.5,0,339.9395612930685,0.14894124214281684,0.2857142857142857,0.8590186901075839,0.650970077193441,0.929698807179363,0.996387185949948,0.5070422535211268,0.0016256561502814293,1,,nan,2,nan,nan,tsvd_2d,8,10
stress_track,discontinuous_piecewise,jump_sharpness,1,20.0,stress_level,very_sharp,very_sharp,fast_bayesian,sparse,4,0.5,0,322.7134801978598,0.2673108090302763,0.4390259265377566,0.8068456458576093,0.5118003228567829,0.910659631554524,0.9980769831615212,0.5866666666666667,0.0012924401089549065,1,,nan,nan,4,22.093473517380907,fast_bayesian_2d,8,10
stress_track,discontinuous_piecewise,jump_sharpness,1,20.0,stress_level,very_sharp,very_sharp,tikhonov_2d,sparse,4,0.5,1,321.88653323969066,0.19376867778983456,0.5429406786186372,0.6568600192458057,0.5004385474719268,0.9140150663244221,0.5561264439410682,0.6428571428571429,0.0012133577838540077,1,,0.001,nan,nan,nan,tikhonov_2d,8,10
stress_track,discontinuous_piecewise,jump_sharpness,1,20.0,stress_level,very_sharp,very_sharp,tsvd_2d,sparse,4,0.5,1,340.3119770870808,0.1643543035278169,0.2857142857142857,0.8542010039867464,0.638576168037162,0.9276391706716176,0.9963876732514595,0.5373134328358209,0.0016631605103611946,1,,nan,2,nan,nan,tsvd_2d,8,10
stress_track,discontinuous_piecewise,jump_sharpness,1,20.0,stress_level,very_sharp,very_sharp,fast_bayesian,sparse,4,0.5,1,323.13943284088083,0.25902263294864764,0.4390259265377566,0.8267671413411805,0.5564474417674811,0.9252338975473069,0.9986200847087537,0.5833333333333334,0.0012508761137723923,1,,nan,nan,4,22.093473517380907,fast_bayesian_2d,8,10
stress_track,discontinuous_piecewise,jump_sharpness,1,20.0,stress_level,very_sharp,very_sharp,tikhonov_2d,sparse,4,1.0,0,323.0120641465026,0.10821332865247298,0.4427404978089318,0.7919139647351606,0.5419687912138411,0.9727948347575334,0.8609782682341074,0.5046728971962616,0.0012668678537011147,1,,0.01,nan,nan,nan,tikhonov_2d,8,10
stress_track,discontinuous_piecewise,jump_sharpness,1,20.0,stress_level,very_sharp,very_sharp,tsvd_2d,sparse,4,1.0,0,340.0844311490347,0.13548982655286287,0.2857142857142857,0.8639788381690838,0.6637211758819046,0.9317883988732004,0.9964269397521464,0.4931506849315068,0.0016095992177724838,1,,nan,2,nan,nan,tsvd_2d,8,10
stress_track,discontinuous_piecewise,jump_sharpness,1,20.0,stress_level,very_sharp,very_sharp,fast_bayesian,sparse,4,1.0,0,325.4470668143811,0.2667390750253574,0.4390259265377566,0.7919275801781924,0.47783779853192787,0.9004685662122476,0.9974763757904018,0.5641025641025641,0.0012819347903132439,1,,nan,nan,4,43.87034648767239,fast_bayesian_2d,8,10
stress_track,discontinuous_piecewise,jump_sharpness,1,20.0,stress_level,very_sharp,very_sharp,tikhonov_2d,sparse,4,1.0,1,322.1024949272424,0.20103078609771743,0.617417471072277,0.6395383629469106,0.504941016328152,0.9040971398658358,0.509576932646744,0.6506024096385542,0.0011929180473089218,1,,0.001,nan,nan,nan,tikhonov_2d,8,10
stress_track,discontinuous_piecewise,jump_sharpness,1,20.0,stress_level,very_sharp,very_sharp,tsvd_2d,sparse,4,1.0,1,340.4587097026491,0.16700367119154727,0.2857142857142857,0.8551361788821158,0.6408096783401931,0.9281558999012931,0.9964429584048615,0.5373134328358209,0.0016528656706213951,1,,nan,2,nan,nan,tsvd_2d,8,10
stress_track,discontinuous_piecewise,jump_sharpness,1,20.0,stress_level,very_sharp,very_sharp,fast_bayesian,sparse,4,1.0,1,325.69869454443483,0.25146917615036585,0.4390259265377566,0.8322837745068353,0.5683754470789507,0.9298666383370594,0.9986092381044956,0.6086956521739131,0.001255805604159832,1,,nan,nan,4,43.87034648767239,fast_bayesian_2d,8,10
stress_track,discontinuous_piecewise,jump_sharpness,2,50.0,stress_level,near_delta,near_delta,tikhonov_2d,sparse,4,0.5,0,320.7651182420573,0.1864315571853454,0.528359269114071,0.7072182836243363,0.48903654814714514,0.9457802114505995,0.6868380912752641,0.627906976744186,0.0012875162065029144,1,,0.001,nan,nan,nan,tikhonov_2d,8,10
stress_track,discontinuous_piecewise,jump_sharpness,2,50.0,stress_level,near_delta,near_delta,tsvd_2d,sparse,4,0.5,0,342.695903132907,0.14022197151287175,0.2857142857142857,0.8577195028575337,0.639522520625663,0.937126730518608,0.9965092574283303,0.5070422535211268,0.0016470961272716522,1,,nan,2,nan,nan,tsvd_2d,8,10
stress_track,discontinuous_piecewise,jump_sharpness,2,50.0,stress_level,near_delta,near_delta,fast_bayesian,sparse,4,0.5,0,327.3769239068885,0.2511817365817772,0.4390259265377566,0.8055326123040122,0.4979129654711639,0.9205348958924298,0.9981499755484426,0.5866666666666667,0.0012258496135473251,1,,nan,nan,4,22.093473517380907,fast_bayesian_2d,8,10
stress_track,discontinuous_piecewise,jump_sharpness,2,50.0,stress_level,near_delta,near_delta,tikhonov_2d,sparse,4,0.5,1,327.07253561272904,0.18184079596320957,0.5429406786186372,0.6457738892025816,0.48554899041260663,0.9170381640732543,0.5347345131218839,0.6506024096385542,0.0012077810242772102,1,,0.001,nan,nan,nan,tikhonov_2d,8,10
stress_track,discontinuous_piecewise,jump_sharpness,2,50.0,stress_level,near_delta,near_delta,tsvd_2d,sparse,4,0.5,1,343.37764957815796,0.15460723853176148,0.2857142857142857,0.8524246614420147,0.6257223013568796,0.9350500842905348,0.9965015986786299,0.5373134328358209,0.0016072681173682213,1,,nan,2,nan,nan,tsvd_2d,8,10
stress_track,discontinuous_piecewise,jump_sharpness,2,50.0,stress_level,near_delta,near_delta,fast_bayesian,sparse,4,0.5,1,328.0738082027203,0.2423554406116809,0.4390259265377566,0.8246616186860853,0.5420701306004798,0.9332461957870839,0.9986685296706923,0.6,0.001263297162950039,1,,nan,nan,4,22.093473517380907,fast_bayesian_2d,8,10
stress_track,discontinuous_piecewise,jump_sharpness,2,50.0,stress_level,near_delta,near_delta,tikhonov_2d,sparse,4,1.0,0,315.1770411934935,0.19800297393496072,0.528359269114071,0.7451135464668303,0.494922048354382,0.9624996847030879,0.7779189063430209,0.6136363636363636,0.0012517906725406647,1,,0.001,nan,nan,nan,tikhonov_2d,8,10
stress_track,discontinuous_piecewise,jump_sharpness,2,50.0,stress_level,near_delta,near_delta,tsvd_2d,sparse,4,1.0,0,342.55840918900805,0.1277169730990219,0.2857142857142857,0.8630563366653314,0.6534454045322641,0.9391696547976616,0.9965539506660687,0.4931506849315068,0.0016152160242199898,1,,nan,2,nan,nan,tsvd_2d,8,10
stress_track,discontinuous_piecewise,jump_sharpness,2,50.0,stress_level,near_delta,near_delta,fast_bayesian,sparse,4,1.0,0,329.88442758836766,0.25124864332817326,0.4390259265377566,0.7909234626835796,0.4636597635319587,0.9115455428857088,0.9975650816330711,0.5789473684210527,0.0030154110863804817,1,,nan,nan,4,43.87034648767239,fast_bayesian_2d,8,10
stress_track,discontinuous_piecewise,jump_sharpness,2,50.0,stress_level,near_delta,near_delta,tikhonov_2d,sparse,4,1.0,1,327.3727129299251,0.18866244530647552,0.617417471072277,0.6283125213756056,0.489847449809494,0.9077480774252759,0.4873420368920467,0.6585365853658537,0.0012546097859740257,1,,0.001,nan,nan,nan,tikhonov_2d,8,10
stress_track,discontinuous_piecewise,jump_sharpness,2,50.0,stress_level,near_delta,near_delta,tsvd_2d,sparse,4,1.0,1,343.5545953504758,0.15713063974209254,0.2857142857142857,0.8532751083387549,0.6278125575654896,0.9354592400492825,0.9965535274014923,0.5454545454545454,0.0016329558566212654,1,,nan,2,nan,nan,tsvd_2d,8,10
stress_track,discontinuous_piecewise,jump_sharpness,2,50.0,stress_level,near_delta,near_delta,fast_bayesian,sparse,4,1.0,1,330.6693917288918,0.23489090308831126,0.4390259265377566,0.8297587598999053,0.5534005815000088,0.9372252419652137,0.9986504562344938,0.6086956521739131,0.0012235268950462341,1,,nan,nan,4,43.87034648767239,fast_bayesian_2d,8,10
stress_track,moving_hotspot,speed_frac,0,0.6,stress_level,fast,fast,tikhonov_2d,sparse,4,0.5,0,317.5195187914245,0.2749470044723951,0.5429406786186372,0.7110468078823131,0.39041184709922966,0.9125390695025882,0.8301895070451216,0.6666666666666666,0.0012088464573025703,1,,0.001,nan,nan,nan,tikhonov_2d,8,10
stress_track,moving_hotspot,speed_frac,0,0.6,stress_level,fast,fast,tsvd_2d,sparse,4,0.5,0,321.80015966794525,0.29910580330782244,0.3065588558067931,0.8282129834611641,0.5560919468132572,0.9298402117245571,0.9987067918456779,0.5671641791044776,0.0016358941793441772,1,,nan,2,nan,nan,tsvd_2d,8,10
stress_track,moving_hotspot,speed_frac,0,0.6,stress_level,fast,fast,fast_bayesian,sparse,4,0.5,0,316.01578309588024,0.331678833108126,0.3065588558067931,0.8110214678081356,0.516132782485063,0.9183228539871102,0.9986087669522334,0.5866666666666667,0.0012501431629061699,1,,nan,nan,4,22.093473517380907,fast_bayesian_2d,8,10
stress_track,moving_hotspot,speed_frac,0,0.6,stress_level,fast,fast,tikhonov_2d,sparse,4,0.5,1,320.07716122778356,0.29002240358256115,0.5429406786186372,0.6766817218322712,0.38242227849321786,0.8783549855835939,0.7692679014200016,0.6835443037974683,0.001318494789302349,1,,0.001,nan,nan,nan,tikhonov_2d,8,10
stress_track,moving_hotspot,speed_frac,0,0.6,stress_level,fast,fast,tsvd_2d,sparse,4,0.5,1,322.11294269784963,0.31321303260553757,0.3065588558067931,0.8213097648543152,0.5380840520453947,0.9271487432320313,0.9986964992855194,0.5625,0.0016446523368358612,1,,nan,2,nan,nan,tsvd_2d,8,10
stress_track,moving_hotspot,speed_frac,0,0.6,stress_level,fast,fast,fast_bayesian,sparse,4,0.5,1,316.5798190443394,0.3430067023847402,0.36196045241242475,0.8144494560192702,0.5257038978279867,0.9192956860142608,0.9983487842155633,0.5846153846153846,0.0012023989111185074,1,,nan,nan,4,22.093473517380907,fast_bayesian_2d,8,10
stress_track,moving_hotspot,speed_frac,0,0.6,stress_level,fast,fast,tikhonov_2d,sparse,4,1.0,0,315.33671970284297,0.26652125232223484,0.5429406786186372,0.7344263201563673,0.4012298400780131,0.933564995563904,0.8684841248271852,0.6823529411764706,0.0012768730521202087,1,,0.001,nan,nan,nan,tikhonov_2d,8,10
stress_track,moving_hotspot,speed_frac,0,0.6,stress_level,fast,fast,tsvd_2d,sparse,4,1.0,0,322.078439293736,0.2857470673916104,0.3065588558067931,0.8349759545836261,0.5738023568162492,0.9323973055585837,0.9987282013760453,0.5428571428571428,0.0016217902302742004,1,,nan,2,nan,nan,tsvd_2d,8,10
stress_track,moving_hotspot,speed_frac,0,0.6,stress_level,fast,fast,fast_bayesian,sparse,4,1.0,0,318.9988773796597,0.3093278168326601,0.3065588558067931,0.8109226523632836,0.5150937124409192,0.9188695598543786,0.9988046847945531,0.5526315789473685,0.00120595283806324,1,,nan,nan,4,43.87034648767239,fast_bayesian_2d,8,10
stress_track,moving_hotspot,speed_frac,0,0.6,stress_level,fast,fast,tikhonov_2d,sparse,4,1.0,1,319.9417077815319,0.29758434831141123,0.5429406786186372,0.6685588739649017,0.3871479635185088,0.8676792976327858,0.7508493607434105,0.6835443037974683,0.0012713009491562843,1,,0.001,nan,nan,nan,tikhonov_2d,8,10
stress_track,moving_hotspot,speed_frac,0,0.6,stress_level,fast,fast,tsvd_2d,sparse,4,1.0,1,322.31253638206096,0.31492767046551917,0.3065588558067931,0.821959908799755,0.5397507876565601,0.927416723786963,0.9987122149557417,0.5625,0.0016505010426044464,1,,nan,2,nan,nan,tsvd_2d,8,10
stress_track,moving_hotspot,speed_frac,0,0.6,stress_level,fast,fast,fast_bayesian,sparse,4,1.0,1,319.29477191340607,0.3341225309730519,0.36196045241242475,0.8191931170909176,0.5375927269444707,0.9216624783472565,0.9983241459810255,0.5806451612903226,0.0011979229748249054,1,,nan,nan,4,43.87034648767239,fast_bayesian_2d,8,10
stress_track,moving_hotspot,speed_frac,1,0.85,stress_level,very_fast,very_fast,tikhonov_2d,sparse,4,0.5,0,336.87361972313795,0.06973718140329366,0.48275893097604916,0.8272292443603413,0.4858757867067201,0.9977278971688693,0.9980840492054343,0.5454545454545454,0.001259579323232174,1,,0.01,nan,nan,nan,tikhonov_2d,8,10
stress_track,moving_hotspot,speed_frac,1,0.85,stress_level,very_fast,very_fast,tsvd_2d,sparse,4,0.5,0,345.0756157767329,0.12681848366874632,0.2857142857142857,0.8669937122998386,0.6524895016757416,0.9489469298886423,0.9995447053351318,0.4878048780487805,0.001593741588294506,1,,nan,2,nan,nan,tsvd_2d,8,10
stress_track,moving_hotspot,speed_frac,1,0.85,stress_level,very_fast,very_fast,fast_bayesian,sparse,4,0.5,0,331.3154847567933,0.23203881444288582,0.5429406786186372,0.8310929810615151,0.5593242904646328,0.9344263141240916,0.999528338595821,0.5263157894736842,0.0012848852202296257,1,,nan,nan,4,22.093473517380907,fast_bayesian_2d,8,10
stress_track,moving_hotspot,speed_frac,1,0.85,stress_level,very_fast,very_fast,tikhonov_2d,sparse,4,0.5,1,335.37257742066254,0.08175327954599078,0.48275893097604916,0.8320565305552764,0.5065619725738635,0.9943125735908301,0.9952950455011356,0.5454545454545454,0.0012924261391162872,1,,0.01,nan,nan,nan,tikhonov_2d,8,10
stress_track,moving_hotspot,speed_frac,1,0.85,stress_level,very_fast,very_fast,tsvd_2d,sparse,4,0.5,1,345.5089940559154,0.13020493088563942,0.2857142857142857,0.8685113649397219,0.6555187457371099,0.9504543617869773,0.9995609872950788,0.4935064935064935,0.0016498193144798279,1,,nan,2,nan,nan,tsvd_2d,8,10
stress_track,moving_hotspot,speed_frac,1,0.85,stress_level,very_fast,very_fast,fast_bayesian,sparse,4,0.5,1,331.81426206294145,0.22522558545905616,0.3065588558067931,0.8485734699399559,0.6062690649486218,0.9400116810278984,0.9994396638433475,0.547945205479452,0.001193838194012642,1,,nan,nan,4,22.093473517380907,fast_bayesian_2d,8,10
stress_track,moving_hotspot,speed_frac,1,0.85,stress_level,very_fast,very_fast,tikhonov_2d,sparse,4,1.0,0,338.1282537194024,0.06121339985501054,0.48275893097604916,0.8248622016287256,0.47597574432285994,0.9992582372304369,0.9993526233328797,0.5454545454545454,0.0012708278372883797,1,,0.01,nan,nan,nan,tikhonov_2d,8,10
stress_track,moving_hotspot,speed_frac,1,0.85,stress_level,very_fast,very_fast,tsvd_2d,sparse,4,1.0,0,345.2339333005363,0.12301074133621333,0.2857142857142857,0.8670622714101307,0.6534813351372092,0.9481681875489402,0.9995372915442428,0.4691358024691358,0.0016494141891598701,1,,nan,2,nan,nan,tsvd_2d,8,10
stress_track,moving_hotspot,speed_frac,1,0.85,stress_level,very_fast,very_fast,fast_bayesian,sparse,4,1.0,0,334.1651995823915,0.22005304229638664,0.5429406786186372,0.8230321719928578,0.5377362867853664,0.9317672185318049,0.9995930106614023,0.5384615384615384,0.00122096948325634,1,,nan,nan,4,43.87034648767239,fast_bayesian_2d,8,10
stress_track,moving_hotspot,speed_frac,1,0.85,stress_level,very_fast,very_fast,tikhonov_2d,sparse,4,1.0,1,334.91556151411373,0.08535646527278111,0.48275893097604916,0.8352766914960751,0.5183084100166683,0.9931587573038282,0.9943629071677288,0.5454545454545454,0.0011862590909004211,1,,0.01,nan,nan,nan,tikhonov_2d,8,10
stress_track,moving_hotspot,speed_frac,1,0.85,stress_level,very_fast,very_fast,tsvd_2d,sparse,4,1.0,1,345.7355598006661,0.13004810750799065,0.2857142857142857,0.8709146793827921,0.6616215664970421,0.9515507759471166,0.9995716957042177,0.5066666666666667,0.0016291746869683266,1,,nan,2,nan,nan,tsvd_2d,8,10
stress_track,moving_hotspot,speed_frac,1,0.85,stress_level,very_fast,very_fast,fast_bayesian,sparse,4,1.0,1,334.48269912648556,0.20743679170661378,0.3065588558067931,0.8589796785564667,0.6339650443239864,0.9435438681992646,0.9994301231461493,0.5135135135135135,0.0012551434338092804,1,,nan,nan,4,43.87034648767239,fast_bayesian_2d,8,10
stress_track,moving_hotspot,speed_frac,2,1.0,stress_level,max_speed,max_speed,tikhonov_2d,sparse,4,0.5,0,341.21047087911415,0.03344176565477449,0.7969771562306789,0.8039004820697832,0.4149310316391527,0.9982349452565185,0.9985354693136783,0.5321100917431193,0.0011782776564359665,1,,0.01,nan,nan,nan,tikhonov_2d,8,10
stress_track,moving_hotspot,speed_frac,2,1.0,stress_level,max_speed,max_speed,tsvd_2d,sparse,4,0.5,0,340.32147118683486,0.13919364648370003,0.42857142857142855,0.8538688246648692,0.6143181042442364,0.9477683487159716,0.9995200210344001,0.43037974683544306,0.0016693351790308952,1,,nan,2,nan,nan,tsvd_2d,8,10
stress_track,moving_hotspot,speed_frac,2,1.0,stress_level,max_speed,max_speed,fast_bayesian,sparse,4,0.5,0,321.878019274642,0.2815962617960871,0.5429406786186372,0.8067205337957711,0.4854722617300945,0.9351148029617555,0.9995745366954636,0.5066666666666667,0.003093685954809189,1,,nan,nan,4,22.093473517380907,fast_bayesian_2d,8,10
stress_track,moving_hotspot,speed_frac,2,1.0,stress_level,max_speed,max_speed,tikhonov_2d,sparse,4,0.5,1,415.663121167035,0.0015989411091462812,0.6131177116135862,0.6556272265823555,0.06379286096710662,0.9174639119971357,0.9856249067828241,0.4691358024691358,0.0011941948905587196,1,,1e-05,nan,nan,nan,tikhonov_2d,8,10
stress_track,moving_hotspot,speed_frac,2,1.0,stress_level,max_speed,max_speed,tsvd_2d,sparse,4,0.5,1,340.6908068473186,0.13286502166587202,0.42857142857142855,0.8608058528324851,0.6315808867879796,0.951289285878475,0.9995473858310006,0.43037974683544306,0.0016070157289505005,1,,nan,2,nan,nan,tsvd_2d,8,10
stress_track,moving_hotspot,speed_frac,2,1.0,stress_level,max_speed,max_speed,fast_bayesian,sparse,4,0.5,1,322.14568292599085,0.26537360007171884,0.3065588558067931,0.8319191532447799,0.5545851371877416,0.9416927180430925,0.9994796045035057,0.4864864864864865,0.0012566214427351952,1,,nan,nan,4,22.093473517380907,fast_bayesian_2d,8,10
stress_track,moving_hotspot,speed_frac,2,1.0,stress_level,max_speed,max_speed,tikhonov_2d,sparse,4,1.0,0,342.7763037474521,0.02969646130824019,0.7969771562306789,0.7971035663332181,0.3982271626209093,0.9962289371023735,0.9968545992763715,0.5321100917431193,0.001213287003338337,1,,0.01,nan,nan,nan,tikhonov_2d,8,10
stress_track,moving_hotspot,speed_frac,2,1.0,stress_level,max_speed,max_speed,tsvd_2d,sparse,4,1.0,0,340.533650771363,0.14303251680905527,0.42857142857142855,0.8497359459975881,0.6043082029717257,0.9453957416910533,0.9995038933299847,0.43037974683544306,0.0016464339569211006,1,,nan,2,nan,nan,tsvd_2d,8,10
stress_track,moving_hotspot,speed_frac,2,1.0,stress_level,max_speed,max_speed,fast_bayesian,sparse,4,1.0,0,324.92377108951536,0.2750135604954574,0.5429406786186372,0.7944214656884885,0.45207494317209795,0.9315522065328075,0.9996372473605599,0.5194805194805194,0.0012416336685419083,1,,nan,nan,4,43.87034648767239,fast_bayesian_2d,8,10
stress_track,moving_hotspot,speed_frac,2,1.0,stress_level,max_speed,max_speed,tikhonov_2d,sparse,4,1.0,1,398.5352032390121,0.029346946053394198,0.582130819710865,0.6379713487918895,0.030860148672655376,0.8995596630575766,0.9834942346454366,0.4691358024691358,0.0011832807213068008,1,,1e-05,nan,nan,nan,tikhonov_2d,8,10
stress_track,moving_hotspot,speed_frac,2,1.0,stress_level,max_speed,max_speed,tsvd_2d,sparse,4,1.0,1,340.9021141259255,0.13066173143898793,0.42857142857142855,0.864457129610174,0.6410428616318276,0.9527681664882341,0.9995603607104602,0.43037974683544306,0.0016732066869735718,1,,nan,2,nan,nan,tsvd_2d,8,10
stress_track,moving_hotspot,speed_frac,2,1.0,stress_level,max_speed,max_speed,fast_bayesian,sparse,4,1.0,1,324.81259131345814,0.24330037650805536,0.3065588558067931,0.845648469488074,0.5922634520108226,0.9452205767238205,0.9994613797295792,0.4864864864864865,0.0012439768761396408,1,,nan,nan,4,43.87034648767239,fast_bayesian_2d,8,10
stress_track,overlapping_multi_spot,separation_frac,0,0.12,stress_level,marginal,marginal,tikhonov_2d,sparse,4,0.5,0,334.8286280677266,0.5091427314014144,0.1809802262062124,11.543086588699582,0.2685812134647146,1.043782505589299,33.316896047044736,0.4186046511627907,0.0012073544785380363,1,,1e-05,nan,nan,nan,tikhonov_2d,8,10
stress_track,overlapping_multi_spot,separation_frac,0,0.12,stress_level,marginal,marginal,tsvd_2d,sparse,4,0.5,0,350.4367627016657,0.12776413944269013,0.36196045241242475,0.8956198666925906,0.7943317460205723,0.9211449072195081,0.9713829468376917,0.49122807017543857,0.0016721459105610847,1,,nan,2,nan,nan,tsvd_2d,8,10
stress_track,overlapping_multi_spot,separation_frac,0,0.12,stress_level,marginal,marginal,fast_bayesian,sparse,4,0.5,0,309.8031829182417,0.4079668800535362,0.4427404978089318,0.77953318918556,0.5513615150515312,0.8290354224106539,0.9582026300944954,0.6349206349206349,0.0012571970000863075,1,,nan,nan,4,22.093473517380907,fast_bayesian_2d,8,10
stress_track,overlapping_multi_spot,separation_frac,0,0.12,stress_level,marginal,marginal,tikhonov_2d,sparse,4,0.5,1,329.6069926137581,0.4584231584363562,0.1809802262062124,9.110725892031008,0.4097788178707031,0.5537045449725495,26.36869431324977,0.3902439024390244,0.001239728182554245,1,,1e-05,nan,nan,nan,tikhonov_2d,8,10
stress_track,overlapping_multi_spot,separation_frac,0,0.12,stress_level,marginal,marginal,tsvd_2d,sparse,4,0.5,1,350.90710104483287,0.12558797128414328,0.48275893097604916,0.8999592967531042,0.8010130833280684,0.9258678504600993,0.9729969564711446,0.5,0.0016654357314109802,1,,nan,2,nan,nan,tsvd_2d,8,10
stress_track,overlapping_multi_spot,separation_frac,0,0.12,stress_level,marginal,marginal,fast_bayesian,sparse,4,0.5,1,311.0837577969606,0.36290276202282556,0.4427404978089318,0.8355626658386983,0.6499105590628471,0.8793892897497666,0.9773881487034812,0.6333333333333333,0.0011890241876244545,1,,nan,nan,4,22.093473517380907,fast_bayesian_2d,8,10
stress_track,overlapping_multi_spot,separation_frac,0,0.12,stress_level,marginal,marginal,tikhonov_2d,sparse,4,1.0,0,368.7599837656834,0.5133663810046424,0.1809802262062124,15.486709553341209,0.008498532064013579,1.7822179631009736,44.66941216485864,0.4318181818181818,0.0012605320662260056,1,,1e-05,nan,nan,nan,tikhonov_2d,8,10
stress_track,overlapping_multi_spot,separation_frac,0,0.12,stress_level,marginal,marginal,tsvd_2d,sparse,4,1.0,0,350.5642017534839,0.1282834976914447,0.36196045241242475,0.8931865149904225,0.7910751888512317,0.9180082202364497,0.9704761358835858,0.5423728813559322,0.0016339132562279701,1,,nan,2,nan,nan,tsvd_2d,8,10
stress_track,overlapping_multi_spot,separation_frac,0,0.12,stress_level,marginal,marginal,fast_bayesian,sparse,4,1.0,0,312.2260441241074,0.4241988497401551,0.36196045241242475,0.7434415725720105,0.4881841200890522,0.7977038518243802,0.944436745802599,0.6129032258064516,0.0012130774557590485,1,,nan,nan,4,43.87034648767239,fast_bayesian_2d,8,10
stress_track,overlapping_multi_spot,separation_frac,0,0.12,stress_level,marginal,marginal,tikhonov_2d,sparse,4,1.0,1,345.7346694371323,0.4427627697592192,0.1809802262062124,10.115362254630632,0.3287763113086769,0.7010988588524887,29.31621159373073,0.4,0.0011852681636810303,1,,1e-05,nan,nan,nan,tikhonov_2d,8,10
stress_track,overlapping_multi_spot,separation_frac,0,0.12,stress_level,marginal,marginal,tsvd_2d,sparse,4,1.0,1,351.1453221126971,0.12414545109251152,0.48275893097604916,0.9027626920716928,0.8061951526499889,0.928230286915185,0.9738626366499045,0.509090909090909,0.0017165979370474815,1,,nan,2,nan,nan,tsvd_2d,8,10
stress_track,overlapping_multi_spot,separation_frac,0,0.12,stress_level,marginal,marginal,fast_bayesian,sparse,4,1.0,1,314.4275435944657,0.3364983160544859,0.4427404978089318,0.8545596146745013,0.6838215518357323,0.8973903537396541,0.9824669384481177,0.6229508196721312,0.0012712767347693443,1,,nan,nan,4,43.87034648767239,fast_bayesian_2d,8,10
stress_track,overlapping_multi_spot,separation_frac,1,0.05,stress_level,near_merged,near_merged,tikhonov_2d,sparse,4,0.5,0,343.5479983989618,0.5213055133222161,0.0,33.65310140684903,0.27565726603690155,0.3864884794476899,100.2971584750625,0.43373493975903615,0.0012268824502825737,1,,1e-05,nan,nan,nan,tikhonov_2d,8,10
stress_track,overlapping_multi_spot,separation_frac,1,0.05,stress_level,near_merged,near_merged,tsvd_2d,sparse,4,0.5,0,371.35352252781627,0.11720539719789065,0.4390259265377566,0.8897708280271894,0.8070255524493323,0.9467848231134832,0.9155021085187529,0.5185185185185185,0.0016288580372929573,1,,nan,2,nan,nan,tsvd_2d,8,10
stress_track,overlapping_multi_spot,separation_frac,1,0.05,stress_level,near_merged,near_merged,fast_bayesian,sparse,4,0.5,0,332.9849956513399,0.3766452734708768,0.2857142857142857,0.7743175160585797,0.57262031438038,0.8809665613672286,0.8693656724281303,0.6349206349206349,0.0012211566790938377,1,,nan,nan,4,22.093473517380907,fast_bayesian_2d,8,10
stress_track,overlapping_multi_spot,separation_frac,1,0.05,stress_level,near_merged,near_merged,tikhonov_2d,sparse,4,0.5,1,339.3197301261821,0.47349588558718475,0.0,26.61576681228841,0.4125005237644897,0.048590825126431696,79.38620908797431,0.4050632911392405,0.0011778390035033226,1,,1e-05,nan,nan,nan,tikhonov_2d,8,10
stress_track,overlapping_multi_spot,separation_frac,1,0.05,stress_level,near_merged,near_merged,tsvd_2d,sparse,4,0.5,1,371.79251972893167,0.11713943687267485,0.4390259265377566,0.8933788099369906,0.8111040097731766,0.9493249292898144,0.9197074907479805,0.48148148148148145,0.0016678273677825928,1,,nan,2,nan,nan,tsvd_2d,8,10
stress_track,overlapping_multi_spot,separation_frac,1,0.05,stress_level,near_merged,near_merged,fast_bayesian,sparse,4,0.5,1,334.17743825036604,0.33574077860875895,0.2857142857142857,0.8360945818091752,0.6634095559552738,0.9157661838358624,0.9291080056363894,0.6333333333333333,0.0012653442099690437,1,,nan,nan,4,22.093473517380907,fast_bayesian_2d,8,10
stress_track,overlapping_multi_spot,separation_frac,1,0.05,stress_level,near_merged,near_merged,tikhonov_2d,sparse,4,1.0,0,375.7041970872404,0.5269474798146542,0.0,45.144428719786795,0.003244251522556061,0.8966741214284778,134.53336778640937,0.4235294117647059,0.0011752797290682793,1,,1e-05,nan,nan,nan,tikhonov_2d,8,10
stress_track,overlapping_multi_spot,separation_frac,1,0.05,stress_level,near_merged,near_merged,tsvd_2d,sparse,4,1.0,0,371.47771722763974,0.11618490332005017,0.5429406786186372,0.8880541964681935,0.8057084216809406,0.9451761993056937,0.9132779684179464,0.5185185185185185,0.0016293404623866081,1,,nan,2,nan,nan,tsvd_2d,8,10
stress_track,overlapping_multi_spot,separation_frac,1,0.05,stress_level,near_merged,near_merged,fast_bayesian,sparse,4,1.0,0,335.23841094570537,0.39197477445476747,0.3065588558067931,0.7332492714939048,0.5138972509568158,0.8592890261753463,0.8265615373495522,0.6129032258064516,0.0012407703325152397,1,,nan,nan,4,43.87034648767239,fast_bayesian_2d,8,10
stress_track,overlapping_multi_spot,separation_frac,1,0.05,stress_level,near_merged,near_merged,tikhonov_2d,sparse,4,1.0,1,354.77650009337486,0.4605111704872275,0.0,29.57552909652441,0.3294046799004751,0.14992010399557804,88.24726250567718,0.41025641025641024,0.0012146160006523132,1,,1e-05,nan,nan,nan,tikhonov_2d,8,10
stress_track,overlapping_multi_spot,separation_frac,1,0.05,stress_level,near_merged,near_merged,tsvd_2d,sparse,4,1.0,1,372.0164140607805,0.11623165568832454,0.4390259265377566,0.8961739668431999,0.8155455924080872,0.950801924814363,0.9221743833071494,0.48148148148148145,0.0016051484271883965,1,,nan,2,nan,nan,tsvd_2d,8,10
stress_track,overlapping_multi_spot,separation_frac,1,0.05,stress_level,near_merged,near_merged,fast_bayesian,sparse,4,1.0,1,337.2801876571838,0.31241240956814587,0.2857142857142857,0.8557800694632572,0.6941798361335854,0.9281852960351128,0.9449750762210737,0.6551724137931034,0.001205851323902607,1,,nan,nan,4,43.87034648767239,fast_bayesian_2d,8,10
stress_track,overlapping_multi_spot,separation_frac,2,0.02,stress_level,unresolvable,unresolvable,tikhonov_2d,sparse,4,0.5,0,343.7926680188566,0.5278737733109383,0.0,112.06537271148274,0.27051130303310045,0.27821805392211285,335.647388777493,0.43373493975903615,0.0011976240202784538,1,,1e-05,nan,nan,nan,tikhonov_2d,8,10
stress_track,overlapping_multi_spot,separation_frac,2,0.02,stress_level,unresolvable,unresolvable,tsvd_2d,sparse,4,0.5,0,375.1153189137801,0.11691783291688229,0.4390259265377566,0.8240175562761586,0.8081376185964042,0.9501795042255778,0.713735546006494,0.5283018867924528,0.0016141366213560104,1,,nan,2,nan,nan,tsvd_2d,8,10
stress_track,overlapping_multi_spot,separation_frac,2,0.02,stress_level,unresolvable,unresolvable,fast_bayesian,sparse,4,0.5,0,337.1184211662296,0.3724095634255659,0.2857142857142857,0.6721326801064627,0.5750786129675106,0.8880565424633905,0.553262884888487,0.6349206349206349,0.0012737559154629707,1,,nan,nan,4,22.093473517380907,fast_bayesian_2d,8,10
stress_track,overlapping_multi_spot,separation_frac,2,0.02,stress_level,unresolvable,unresolvable,tikhonov_2d,sparse,4,0.5,1,339.644118892929,0.48155268284501457,0.0,88.56433442600894,0.40685535216208635,0.036504112209553706,265.24964381365515,0.4155844155844156,0.0012533441185951233,1,,1e-05,nan,nan,nan,tikhonov_2d,8,10
stress_track,overlapping_multi_spot,separation_frac,2,0.02,stress_level,unresolvable,unresolvable,tsvd_2d,sparse,4,0.5,1,375.5461838096655,0.1176038340968687,0.4390259265377566,0.8302174758466263,0.8112683962029942,0.9522837722675989,0.7271002590692859,0.48148148148148145,0.0016861893236637115,1,,nan,2,nan,nan,tsvd_2d,8,10
stress_track,overlapping_multi_spot,separation_frac,2,0.02,stress_level,unresolvable,unresolvable,fast_bayesian,sparse,4,0.5,1,338.29334684120727,0.33287464560190844,0.2857142857142857,0.7804512307588839,0.6636697522433375,0.9205556222119834,0.7571283178213306,0.6440677966101694,0.0012061623856425285,1,,nan,nan,4,22.093473517380907,fast_bayesian_2d,8,10
stress_track,overlapping_multi_spot,separation_frac,2,0.02,stress_level,unresolvable,unresolvable,tikhonov_2d,sparse,4,1.0,0,375.863489655033,0.5328014791366024,0.0,150.6048762785464,0.0023823115421254316,0.7538439481823626,451.0584025759147,0.4235294117647059,0.0012626033276319504,1,,1e-05,nan,nan,nan,tikhonov_2d,8,10
stress_track,overlapping_multi_spot,separation_frac,2,0.02,stress_level,unresolvable,unresolvable,tsvd_2d,sparse,4,1.0,0,375.240946560051,0.11531070736700252,0.4390259265377566,0.8211157342737443,0.8075575471931211,0.9488885290138647,0.706901126614247,0.5384615384615384,0.001664687879383564,1,,nan,2,nan,nan,tsvd_2d,8,10
stress_track,overlapping_multi_spot,separation_frac,2,0.02,stress_level,unresolvable,unresolvable,fast_bayesian,sparse,4,1.0,0,339.3446328304072,0.3872776252543823,0.2857142857142857,0.5974819336891625,0.5175693943036587,0.867798777746295,0.40707762901753375,0.6129032258064516,0.0012112297117710114,1,,nan,nan,4,43.87034648767239,fast_bayesian_2d,8,10
stress_track,overlapping_multi_spot,separation_frac,2,0.02,stress_level,unresolvable,unresolvable,tikhonov_2d,sparse,4,1.0,1,355.091872474319,0.4688064634158659,0.0,98.47458950471234,0.3223646830876586,0.05753580261235072,295.043868028437,0.42105263157894735,0.0012374566867947578,1,,1e-05,nan,nan,nan,tikhonov_2d,8,10
stress_track,overlapping_multi_spot,separation_frac,2,0.02,stress_level,unresolvable,unresolvable,tsvd_2d,sparse,4,1.0,1,375.76678302446805,0.11686112397795718,0.4390259265377566,0.8347944545046116,0.8154860693284595,0.953611097701394,0.7352861964839812,0.48148148148148145,0.0016512572765350342,1,,nan,2,nan,nan,tsvd_2d,8,10
stress_track,overlapping_multi_spot,separation_frac,2,0.02,stress_level,unresolvable,unresolvable,fast_bayesian,sparse,4,1.0,1,341.3508830324528,0.3103985033903212,0.2857142857142857,0.8122774132652175,0.6935134587996129,0.9321441442382916,0.8111746367577479,0.6666666666666666,0.001223025843501091,1,,nan,nan,4,43.87034648767239,fast_bayesian_2d,8,10
stress_track,matern_grf,corr_length_frac,0,0.06,stress_level,rough,rough,tikhonov_2d,sparse,4,0.5,0,442.8588838934128,0.01391175432759878,0.1428571428571429,1.3221080606918791,1.9817576325540427,0.986871768015382,0.9976947815062127,0.765625,0.0012589693069458008,1,,1e-05,nan,nan,nan,tikhonov_2d,8,10
stress_track,matern_grf,corr_length_frac,0,0.06,stress_level,rough,rough,tsvd_2d,sparse,4,0.5,0,386.70677643038505,0.011621726200681717,0.7777777777777778,0.9929725237889307,0.9792271273246236,0.9996910663909108,0.9999993776512578,0.0,0.0016487948596477509,1,,nan,2,nan,nan,tsvd_2d,8,10
stress_track,matern_grf,corr_length_frac,0,0.06,stress_level,rough,rough,fast_bayesian,sparse,4,0.5,0,393.7609943946898,-0.0025794201595302404,0.7882354932022309,0.9505062146715613,0.8533264365366902,0.9981990574709543,0.9999931500070393,0.14084507042253522,0.0012524137273430824,1,,nan,nan,4,22.093473517380907,fast_bayesian_2d,8,10
stress_track,matern_grf,corr_length_frac,0,0.06,stress_level,rough,rough,tikhonov_2d,sparse,4,0.5,1,351.49080586030925,0.06564923055584457,0.904901131031062,0.7928008057241245,0.5034918810202088,0.8886113982707404,0.9862991378814245,0.5227272727272727,0.001159285195171833,1,,1e-05,nan,nan,nan,tikhonov_2d,8,10
stress_track,matern_grf,corr_length_frac,0,0.06,stress_level,rough,rough,tsvd_2d,sparse,4,0.5,1,345.7245401286688,0.029538869461459928,0.2641796345570355,0.9740158810577326,0.9227188255982373,0.9993301966357947,0.999998620939166,0.0,0.0016572242602705956,1,,nan,2,nan,nan,tsvd_2d,8,10
stress_track,matern_grf,corr_length_frac,0,0.06,stress_level,rough,rough,fast_bayesian,sparse,4,0.5,1,347.43663850377476,0.03886206019519953,0.6131177116135862,0.8831610118445865,0.6536408264386909,0.9958521499707279,0.9999900591243408,0.2,0.0012613264843821526,1,,nan,nan,4,22.093473517380907,fast_bayesian_2d,8,10
stress_track,matern_grf,corr_length_frac,0,0.06,stress_level,rough,rough,tikhonov_2d,sparse,4,1.0,0,474.18370499556056,0.02504933306488145,1.0858813572372743,1.9907153027652666,3.999184363349132,0.9756418114996068,0.9973197334470606,0.8059701492537313,0.001149546355009079,1,,1e-05,nan,nan,nan,tikhonov_2d,8,10
stress_track,matern_grf,corr_length_frac,0,0.06,stress_level,rough,rough,tsvd_2d,sparse,4,1.0,0,385.0416492313727,0.01786456534377884,0.7777777777777778,0.9886787073761848,0.9666058719838593,0.9994312268309188,0.9999990233137761,0.0,0.0016336478292942047,1,,nan,2,nan,nan,tsvd_2d,8,10
stress_track,matern_grf,corr_length_frac,0,0.06,stress_level,rough,rough,fast_bayesian,sparse,4,1.0,0,391.1678497355743,0.01312194034991567,0.7882354932022309,0.9201946336257766,0.7639146314289496,0.9966811534818144,0.999988115966566,0.23684210526315788,0.0012737195938825607,1,,nan,nan,4,43.87034648767239,fast_bayesian_2d,8,10
stress_track,matern_grf,corr_length_frac,0,0.06,stress_level,rough,rough,tikhonov_2d,sparse,4,1.0,1,355.3008671766251,0.05389407815424972,0.8412698412698413,0.7287320672872132,0.2926882659210256,0.904972032353868,0.9885359035867459,0.5581395348837209,0.0011728210374712944,1,,1e-05,nan,nan,nan,tikhonov_2d,8,10
stress_track,matern_grf,corr_length_frac,0,0.06,stress_level,rough,rough,tsvd_2d,sparse,4,1.0,1,345.4669471659562,0.03139520698048357,0.2641796345570355,0.9703619358581865,0.9118760718361059,0.9992113760672867,0.9999983596711671,0.0,0.001657775603234768,1,,nan,2,nan,nan,tsvd_2d,8,10
stress_track,matern_grf,corr_length_frac,0,0.06,stress_level,rough,rough,fast_bayesian,sparse,4,1.0,1,351.43579936008587,0.03179355604955683,0.6131177116135862,0.8116128834114429,0.442058191370556,0.9927994171958778,0.9999810416678948,0.345679012345679,0.001256103627383709,1,,nan,nan,4,43.87034648767239,fast_bayesian_2d,8,10
stress_track,matern_grf,corr_length_frac,1,0.03,stress_level,very_rough,very_rough,tikhonov_2d,sparse,4,0.5,0,421.99537583538,0.014148919099137179,1.0858813572372743,0.96604303667867,0.9109182716415454,0.988207389643822,0.9990034487506424,0.746031746031746,0.0011742981150746346,1,,1e-05,nan,nan,nan,tikhonov_2d,8,10
stress_track,matern_grf,corr_length_frac,1,0.03,stress_level,very_rough,very_rough,tsvd_2d,sparse,4,0.5,0,393.63673413296925,0.00837408417102754,1.0560030081574536,0.9968065258559241,0.9905403956345455,0.9998794188142248,0.999999763119002,0.0,0.005945196375250816,1,,nan,2,nan,nan,tsvd_2d,8,10
stress_track,matern_grf,corr_length_frac,1,0.03,stress_level,very_rough,very_rough,fast_bayesian,sparse,4,0.5,0,395.8619021260001,0.0073291031895749955,0.7882354932022309,0.9705460671089888,0.9126775074650085,0.998963994749401,0.999996699112557,0.08823529411764706,0.00120584387332201,1,,nan,nan,4,22.093473517380907,fast_bayesian_2d,8,10
stress_track,matern_grf,corr_length_frac,1,0.03,stress_level,very_rough,very_rough,tikhonov_2d,sparse,4,0.5,1,352.5744269360674,0.03826861388682976,0.788235493202231,0.9233384649950621,0.802638983629728,0.9702640063593844,0.9971124049960741,0.1791044776119403,0.0011741137132048607,1,,1e-05,nan,nan,nan,tikhonov_2d,8,10
stress_track,matern_grf,corr_length_frac,1,0.03,stress_level,very_rough,very_rough,tsvd_2d,sparse,4,0.5,1,350.5067544671263,0.022406511742516396,0.2641796345570355,0.9919786328321444,0.9761350862540649,0.999801193795591,0.9999996184467773,0.0,0.001625262200832367,1,,nan,2,nan,nan,tsvd_2d,8,10
stress_track,matern_grf,corr_length_frac,1,0.03,stress_level,very_rough,very_rough,fast_bayesian,sparse,4,0.5,1,352.6057458215816,0.024783223307310413,0.6131177116135862,0.9382496613841981,0.817070251101333,0.9976846894513569,0.9999940435999043,0.06451612903225806,0.0012619411572813988,1,,nan,nan,4,22.093473517380907,fast_bayesian_2d,8,10
stress_track,matern_grf,corr_length_frac,1,0.03,stress_level,very_rough,very_rough,tikhonov_2d,sparse,4,1.0,0,449.27921151571076,0.02623185614191841,1.0858813572372743,1.5419046974029973,2.67846367476217,0.9505264586935854,0.9967239587532366,0.7878787878787878,0.0011622579768300056,1,,1e-05,nan,nan,nan,tikhonov_2d,8,10
stress_track,matern_grf,corr_length_frac,1,0.03,stress_level,very_rough,very_rough,tsvd_2d,sparse,4,1.0,0,391.9535838377781,0.013066311508884031,0.7777777777777778,0.9938991955132587,0.981980733293715,0.9997173017692652,0.9999995514767956,0.0,0.0016163121908903122,1,,nan,2,nan,nan,tsvd_2d,8,10
stress_track,matern_grf,corr_length_frac,1,0.03,stress_level,very_rough,very_rough,fast_bayesian,sparse,4,1.0,0,394.0011079613297,0.022217276257057043,0.7882354932022309,0.9321022434996022,0.7993291885370399,0.9969873393417714,0.9999902026199956,0.1643835616438356,0.001272391527891159,1,,nan,nan,4,43.87034648767239,fast_bayesian_2d,8,10
stress_track,matern_grf,corr_length_frac,1,0.03,stress_level,very_rough,very_rough,tikhonov_2d,sparse,4,1.0,1,359.2270431981969,0.025474526797083414,0.7480553439967098,0.8061070834686248,0.44565063395905613,0.9747718315931787,0.9978987848536395,0.3013698630136986,0.001215316355228424,1,,1e-05,nan,nan,nan,tikhonov_2d,8,10
stress_track,matern_grf,corr_length_frac,1,0.03,stress_level,very_rough,very_rough,tsvd_2d,sparse,4,1.0,1,350.21448594415665,0.024992130218551595,0.6131177116135862,0.9894485535650889,0.9686237262532134,0.9997224660627105,0.9999994683793426,0.0,0.0016280291602015495,1,,nan,2,nan,nan,tsvd_2d,8,10
stress_track,matern_grf,corr_length_frac,1,0.03,stress_level,very_rough,very_rough,fast_bayesian,sparse,4,1.0,1,356.12593097722527,0.020451429388207314,0.6131177116135862,0.8704090240972328,0.6161885023395228,0.9950521114147509,0.9999864585374247,0.20588235294117646,0.0012629926204681396,1,,nan,nan,4,43.87034648767239,fast_bayesian_2d,8,10
stress_track,matern_grf,corr_length_frac,2,0.01,stress_level,near_white_noise,near_white_noise,tikhonov_2d,sparse,4,0.5,0,413.3724976977577,0.012290708314059009,1.0858813572372743,0.8178106732723053,0.4687749901709102,0.9856120701409058,0.9990449595050999,0.7058823529411765,0.0012717284262180328,1,,1e-05,nan,nan,nan,tikhonov_2d,8,10
stress_track,matern_grf,corr_length_frac,2,0.01,stress_level,near_white_noise,near_white_noise,tsvd_2d,sparse,4,0.5,0,393.5501161961693,0.007694729068313233,0.7777777777777778,0.9981076657557671,0.9943968779179327,0.9999262629583533,0.9999998563910156,0.0,0.0016472060233354568,1,,nan,2,nan,nan,tsvd_2d,8,10
stress_track,matern_grf,corr_length_frac,2,0.01,stress_level,near_white_noise,near_white_noise,fast_bayesian,sparse,4,0.5,0,394.49646139882793,0.010181905154424223,0.7882354932022309,0.9764360205789765,0.9302437568913772,0.9990672860494189,0.9999970187961336,0.030303030303030304,0.0012125689536333084,1,,nan,nan,4,22.093473517380907,fast_bayesian_2d,8,10
stress_track,matern_grf,corr_length_frac,2,0.01,stress_level,near_white_noise,near_white_noise,tikhonov_2d,sparse,4,0.5,1,352.563195432592,0.03167763031212311,0.7480553439967098,0.9387641018483516,0.8378209476323172,0.9802371292067504,0.9982342287059869,0.15151515151515152,0.0012556100264191628,1,,1e-05,nan,nan,nan,tikhonov_2d,8,10
stress_track,matern_grf,corr_length_frac,2,0.01,stress_level,near_white_noise,near_white_noise,tsvd_2d,sparse,4,0.5,1,350.5554767865188,0.021094136400207734,0.2641796345570355,0.9939360078332582,0.9819624999398905,0.9998458205833576,0.9999997029765267,0.0,0.0015646768733859062,1,,nan,2,nan,nan,tsvd_2d,8,10
stress_track,matern_grf,corr_length_frac,2,0.01,stress_level,near_white_noise,near_white_noise,fast_bayesian,sparse,4,0.5,1,352.6809476058337,0.02258869590765329,0.6131177116135862,0.9470327725115076,0.8430941348100744,0.9980093818980333,0.9999948008264152,0.06451612903225806,0.0012017758563160896,1,,nan,nan,4,22.093473517380907,fast_bayesian_2d,8,10
stress_track,matern_grf,corr_length_frac,2,0.01,stress_level,near_white_noise,near_white_noise,tikhonov_2d,sparse,4,1.0,0,438.3088125794971,0.024077470999932064,1.0858813572372743,1.3341193437703323,2.0635658051792958,0.9424828711651948,0.9963093549665064,0.7751937984496124,0.001187036745250225,1,,1e-05,nan,nan,nan,tikhonov_2d,8,10
stress_track,matern_grf,corr_length_frac,2,0.01,stress_level,near_white_noise,near_white_noise,tsvd_2d,sparse,4,1.0,0,391.89015897070766,0.011829206969279606,0.7777777777777778,0.9948509480536352,0.9847965428731997,0.9997566588067947,0.9999996424809112,0.0,0.0016545085236430168,1,,nan,2,nan,nan,tsvd_2d,8,10
stress_track,matern_grf,corr_length_frac,2,0.01,stress_level,near_white_noise,near_white_noise,fast_bayesian,sparse,4,1.0,0,392.74634133531913,0.02517566124387547,1.1403190511531307,0.936590801972085,0.8128048331503427,0.9969774218476865,0.9999901509182257,0.1643835616438356,0.0012669060379266739,1,,nan,nan,4,43.87034648767239,fast_bayesian_2d,8,10
stress_track,matern_grf,corr_length_frac,2,0.01,stress_level,near_white_noise,near_white_noise,tikhonov_2d,sparse,4,1.0,1,359.6087011586927,0.019542826977037724,0.7228760340784572,0.8163862943379335,0.468022553223903,0.9823708385932685,0.9987654911966293,0.2777777777777778,0.0011788895353674889,1,,1e-05,nan,nan,nan,tikhonov_2d,8,10
stress_track,matern_grf,corr_length_frac,2,0.01,stress_level,near_white_noise,near_white_noise,tsvd_2d,sparse,4,1.0,1,350.2626856447097,0.023811802786709375,0.6131177116135862,0.9914199567944345,0.9744933740235923,0.9997669369115911,0.99999955944812,0.0,0.001626286655664444,1,,nan,2,nan,nan,tsvd_2d,8,10
stress_track,matern_grf,corr_length_frac,2,0.01,stress_level,near_white_noise,near_white_noise,fast_bayesian,sparse,4,1.0,1,356.0936999117706,0.01879485901856932,0.6131177116135862,0.8814657248959238,0.6489124935659939,0.9954971338848481,0.9999875472369297,0.1791044776119403,0.0012616412714123726,1,,nan,nan,4,43.87034648767239,fast_bayesian_2d,8,10
