family_name,primary_axis_level,primary_axis_value,secondary_axis_level,solver_name,noise_sigma,n_runs,n_success,rmse_flux_mean,rmse_flux_std,rmse_flux_min,rmse_flux_max,ssim_flux_mean,ssim_flux_std,ssim_flux_min,ssim_flux_max,peak_localization_error_mean,peak_localization_error_std,peak_localization_error_min,peak_localization_error_max,band_error_scalar_mean,band_error_scalar_std,band_error_scalar_min,band_error_scalar_max,support_overlap_mean,support_overlap_std,support_overlap_min,support_overlap_max,runtime_seconds_mean,runtime_seconds_std,runtime_seconds_min,runtime_seconds_max
discontinuous_piecewise,0,8.0,sharp,fast_bayesian,0.5,2,2,325.48582811297973,0.37856841392152774,325.1072596990582,325.86439652690126,0.32761322202457926,0.004340486557854795,0.32327273546672447,0.33195370858243406,0.4390259265377566,0.0,0.4390259265377566,0.4390259265377566,0.7820207884840885,0.011008739292349246,0.7710120491917393,0.7930295277764378,0.7340124504810412,0.002829654782116553,0.7311827956989247,0.7368421052631579,0.0012573963031172752,1.2909993529319763e-05,0.0012444863095879555,0.001270306296646595
discontinuous_piecewise,0,8.0,sharp,fast_bayesian,1.0,2,2,328.10273950001795,0.4820542357623765,327.6206852642556,328.58479373578035,0.3230086850739183,0.008042189512286801,0.3149664955616315,0.3310508745862051,0.4390259265377566,0.0,0.4390259265377566,0.4390259265377566,0.7782925959347552,0.022123212012719273,0.7561693839220359,0.8004158079474745,0.7239766081871345,0.012865497076023358,0.7111111111111111,0.7368421052631579,0.0012127249501645565,5.3443945944309235e-06,0.0012073805555701256,0.0012180693447589874
discontinuous_piecewise,0,8.0,sharp,tikhonov_2d,0.5,2,2,322.98809840695674,3.1494894342719704,319.83860897268477,326.1375878412287,0.23242057915710385,0.0011090367197817003,0.23131154243732216,0.23352961587688556,0.535649973866354,0.00729070475228305,0.528359269114071,0.5429406786186372,0.6139431314859751,0.03765271623155125,0.5762904152544238,0.6515958477175263,0.7841511936339522,0.042771883289124624,0.7413793103448276,0.8269230769230769,0.0014743097126483917,0.00025157630443573,0.0012227334082126617,0.0017258860170841217
discontinuous_piecewise,0,8.0,sharp,tikhonov_2d,1.0,2,2,320.2497231878642,6.0905140541419485,314.15920913372224,326.34023724200614,0.2411535972227804,0.002249773445836614,0.2389038237769438,0.24340337066861703,0.572888370093174,0.044529100979102954,0.528359269114071,0.617417471072277,0.6265260461379963,0.07200486509925041,0.5545211810387459,0.6985309112372468,0.7670692240902992,0.06788223222038042,0.6991869918699187,0.8349514563106796,0.001245727762579918,3.220606595277786e-05,0.00121352169662714,0.0012779338285326958
discontinuous_piecewise,0,8.0,sharp,tsvd_2d,0.5,2,2,350.24738159380496,0.20922563284580065,350.03815596095916,350.45660722665076,0.19575329693325091,0.007666130792244263,0.18808716614100665,0.20341942772549518,0.2857142857142857,0.0,0.2857142857142857,0.2857142857142857,0.8258285421612551,0.002301348739717435,0.8235271934215377,0.8281298909009726,0.6368631368631368,0.0004995004995004826,0.6363636363636364,0.6373626373626373,0.0021226759999990463,0.0004527382552623749,0.0016699377447366714,0.002575414255261421
discontinuous_piecewise,0,8.0,sharp,tsvd_2d,1.0,2,2,350.4162510534808,0.23849187100324798,350.17775918247753,350.654742924484,0.190261944640255,0.015713295956433337,0.17454864868382167,0.20597524059668834,0.2857142857142857,0.0,0.2857142857142857,0.2857142857142857,0.828862352320922,0.004244162657061401,0.8246181896638606,0.8331065149779834,0.6444197256210604,0.0007415647015202032,0.6436781609195402,0.6451612903225806,0.001627783291041851,2.7259811758995056e-05,0.001600523479282856,0.001655043102800846
discontinuous_piecewise,1,20.0,very_sharp,fast_bayesian,0.5,2,2,322.9264565193703,0.21297632151052426,322.7134801978598,323.13943284088083,0.263166720989462,0.004144088040814342,0.25902263294864764,0.2673108090302763,0.4390259265377566,0.0,0.4390259265377566,0.4390259265377566,0.8168063935993949,0.00996074774178557,0.8068456458576093,0.8267671413411805,0.585,0.0016666666666666496,0.5833333333333334,0.5866666666666667,0.0012716581113636494,2.0781997591257095e-05,0.0012508761137723923,0.0012924401089549065
discontinuous_piecewise,1,20.0,very_sharp,fast_bayesian,1.0,2,2,325.57288067940794,0.12581386502685632,325.4470668143811,325.69869454443483,0.2591041255878616,0.007634949437495764,0.25146917615036585,0.2667390750253574,0.4390259265377566,0.0,0.4390259265377566,0.4390259265377566,0.8121056773425139,0.02017809716432145,0.7919275801781924,0.8322837745068353,0.5863991081382386,0.022296544035674493,0.5641025641025641,0.6086956521739131,0.001268870197236538,1.3064593076705933e-05,0.001255805604159832,0.0012819347903132439
discontinuous_piecewise,1,20.0,very_sharp,tikhonov_2d,0.5,2,2,318.8874858800691,2.999047359621528,315.8884385204476,321.88653323969066,0.19545634998083627,0.0016876721910017295,0.19376867778983456,0.19714402217183802,0.535649973866354,0.00729070475228305,0.528359269114071,0.5429406786186372,0.6871351370648592,0.030275117819053454,0.6568600192458057,0.7174102548839126,0.6317733990147784,0.011083743842364546,0.6206896551724138,0.6428571428571429,0.0012201680801808834,6.810296326875687e-06,0.0012133577838540077,0.001226978376507759
discontinuous_piecewise,1,20.0,very_sharp,tikhonov_2d,1.0,2,2,322.5572795368725,0.45478460963011,322.1024949272424,323.0120641465026,0.1546220573750952,0.04640872872262223,0.10821332865247298,0.20103078609771743,0.5300789844406044,0.08733848663167257,0.4427404978089318,0.617417471072277,0.7157261638410356,0.07618780089412502,0.6395383629469106,0.7919139647351606,0.5776376534174079,0.07296475622114629,0.5046728971962616,0.6506024096385542,0.0012298929505050182,3.697490319609642e-05,0.0011929180473089218,0.0012668678537011147
discontinuous_piecewise,1,20.0,very_sharp,tsvd_2d,0.5,2,2,340.1257691900746,0.18620789700614182,339.9395612930685,340.3119770870808,0.1566477728353169,0.007706530692500033,0.14894124214281684,0.1643543035278169,0.2857142857142857,0.0,0.2857142857142857,0.2857142857142857,0.8566098470471651,0.002408843060418775,0.8542010039867464,0.8590186901075839,0.5221778431784738,0.01513558965734707,0.5070422535211268,0.5373134328358209,0.001644408330321312,1.875218003988266e-05,0.0016256561502814293,0.0016631605103611946
discontinuous_piecewise,1,20.0,very_sharp,tsvd_2d,1.0,2,2,340.2715704258419,0.18713927680721554,340.0844311490347,340.4587097026491,0.15124674887220507,0.015756922319342198,0.13548982655286287,0.16700367119154727,0.2857142857142857,0.0,0.2857142857142857,0.2857142857142857,0.8595575085255998,0.004421329643484018,0.8551361788821158,0.8639788381690838,0.5152320588836639,0.022081373952157035,0.4931506849315068,0.5373134328358209,0.0016312324441969395,2.1633226424455643e-05,0.0016095992177724838,0.0016528656706213951
discontinuous_piecewise,2,50.0,near_delta,fast_bayesian,0.5,2,2,327.7253660548044,0.34844214791587547,327.3769239068885,328.0738082027203,0.24676858859672907,0.00441314798504816,0.2423554406116809,0.2511817365817772,0.4390259265377566,0.0,0.4390259265377566,0.4390259265377566,0.8150971154950488,0.009564503191036577,0.8055326123040122,0.8246616186860853,0.5933333333333333,0.006666666666666654,0.5866666666666667,0.6,0.001244573388248682,1.8723774701356888e-05,0.0012258496135473251,0.001263297162950039
discontinuous_piecewise,2,50.0,near_delta,fast_bayesian,1.0,2,2,330.27690965862973,0.3924820702620764,329.88442758836766,330.6693917288918,0.24306977320824225,0.008178870119931,0.23489090308831126,0.25124864332817326,0.4390259265377566,0.0,0.4390259265377566,0.4390259265377566,0.8103411112917425,0.019417648608162863,0.7909234626835796,0.8297587598999053,0.5938215102974829,0.014874141876430214,0.5789473684210527,0.6086956521739131,0.002119468990713358,0.0008959420956671238,0.0012235268950462341,0.0030154110863804817
discontinuous_piecewise,2,50.0,near_delta,tikhonov_2d,0.5,2,2,323.9188269273932,3.1537086853358574,320.7651182420573,327.07253561272904,0.1841361765742775,0.002295380611067918,0.18184079596320957,0.1864315571853454,0.535649973866354,0.00729070475228305,0.528359269114071,0.5429406786186372,0.6764960864134589,0.030722197210877322,0.6457738892025816,0.7072182836243363,0.6392546931913701,0.011347716447184075,0.627906976744186,0.6506024096385542,0.0012476486153900623,3.9867591112852097e-05,0.0012077810242772102,0.0012875162065029144
discontinuous_piecewise,2,50.0,near_delta,tikhonov_2d,1.0,2,2,321.2748770617093,6.09783586821581,315.1770411934935,327.3727129299251,0.19333270962071814,0.004670264314242598,0.18866244530647552,0.19800297393496072,0.572888370093174,0.044529100979102954,0.528359269114071,0.617417471072277,0.686713033921218,0.05840051254561235,0.6283125213756056,0.7451135464668303,0.6360864745011087,0.02245011086474502,0.6136363636363636,0.6585365853658537,0.0012532002292573452,1.4095567166805267e-06,0.0012517906725406647,0.0012546097859740257
discontinuous_piecewise,2,50.0,near_delta,tsvd_2d,0.5,2,2,343.0367763555325,0.3408732226254756,342.695903132907,343.37764957815796,0.14741460502231662,0.007192633509444865,0.14022197151287175,0.15460723853176148,0.2857142857142857,0.0,0.2857142857142857,0.2857142857142857,0.8550720821497741,0.002647420707759529,0.8524246614420147,0.8577195028575337,0.5221778431784738,0.01513558965734707,0.5070422535211268,0.5373134328358209,0.0016271821223199368,1.991400495171547e-05,0.0016072681173682213,0.0016470961272716522
discontinuous_piecewise,2,50.0,near_delta,tsvd_2d,1.0,2,2,343.05650226974194,0.4980930807338666,342.55840918900805,343.5545953504758,0.14242380642055724,0.014706833321535315,0.1277169730990219,0.15713063974209254,0.2857142857142857,0.0,0.2857142857142857,0.2857142857142857,0.8581657225020431,0.004890614163288287,0.8532751083387549,0.8630563366653314,0.5193026151930261,0.026151930261519296,0.4931506849315068,0.5454545454545454,0.0016240859404206276,8.869916200637817e-06,0.0016152160242199898,0.0016329558566212654
matern_grf,0,0.06,rough,fast_bayesian,0.5,2,2,370.5988164492323,23.16217794545753,347.43663850377476,393.7609943946898,0.018141320017834642,0.02072074017736488,-0.0025794201595302404,0.03886206019519953,0.7006766024079085,0.08755889079432233,0.6131177116135862,0.7882354932022309,0.9168336132580739,0.03367260141348738,0.8831610118445865,0.9505062146715613,0.1704225352112676,0.029577464788732397,0.14084507042253522,0.2,0.0012568701058626175,4.456378519535065e-06,0.0012524137273430824,0.0012613264843821526
matern_grf,0,0.06,rough,fast_bayesian,1.0,2,2,371.30182454783005,19.866025187744214,351.43579936008587,391.1678497355743,0.02245774819973625,0.009335807849820582,0.01312194034991567,0.03179355604955683,0.7006766024079085,0.08755889079432233,0.6131177116135862,0.7882354932022309,0.8659037585186098,0.05429087510716685,0.8116128834114429,0.9201946336257766,0.2912605588044184,0.054418453541260556,0.23684210526315788,0.345679012345679,0.0012649116106331348,8.807983249425888e-06,0.001256103627383709,0.0012737195938825607
matern_grf,0,0.06,rough,tikhonov_2d,0.5,2,2,397.174844876861,45.684039016551765,351.49080586030925,442.8588838934128,0.039780492441721674,0.025868738114122894,0.01391175432759878,0.06564923055584457,0.5238791369441025,0.3810219940869595,0.1428571428571429,0.904901131031062,1.0574544332080018,0.26465362748387733,0.7928008057241245,1.3221080606918791,0.6441761363636364,0.12144886363636365,0.5227272727272727,0.765625,0.001209127251058817,4.984205588698387e-05,0.001159285195171833,0.0012589693069458008
matern_grf,0,0.06,rough,tikhonov_2d,1.0,2,2,414.7422860860928,59.44141890946773,355.3008671766251,474.18370499556056,0.03947170560956559,0.014422372544684136,0.02504933306488145,0.05389407815424972,0.9635755992535577,0.12230575798371651,0.8412698412698413,1.0858813572372743,1.35972368502624,0.6309916177390268,0.7287320672872132,1.9907153027652666,0.6820548420687261,0.12391530718500521,0.5581395348837209,0.8059701492537313,0.0011611836962401867,1.1637341231107712e-05,0.001149546355009079,0.0011728210374712944
matern_grf,0,0.06,rough,tsvd_2d,0.5,2,2,366.2156582795269,20.491118150858114,345.7245401286688,386.70677643038505,0.02058029783107082,0.008958571630389106,0.011621726200681717,0.029538869461459928,0.5209787061674067,0.25679907161037113,0.2641796345570355,0.7777777777777778,0.9834942024233317,0.009478321365599063,0.9740158810577326,0.9929725237889307,0.0,0.0,0.0,0.0,0.0016530095599591732,4.214700311422348e-06,0.0016487948596477509,0.0016572242602705956
matern_grf,0,0.06,rough,tsvd_2d,1.0,2,2,365.2542981986644,19.787351032708244,345.4669471659562,385.0416492313727,0.024629886162131208,0.006765320818352365,0.01786456534377884,0.03139520698048357,0.5209787061674067,0.25679907161037113,0.2641796345570355,0.7777777777777778,0.9795203216171857,0.009158385758999132,0.9703619358581865,0.9886787073761848,0.0,0.0,0.0,0.0,0.0016457117162644863,1.2063886970281601e-05,0.0016336478292942047,0.001657775603234768
matern_grf,1,0.03,very_rough,fast_bayesian,0.5,2,2,374.23382397379083,21.62807815220924,352.6057458215816,395.8619021260001,0.016056163248442706,0.00872706005886771,0.0073291031895749955,0.024783223307310413,0.7006766024079085,0.08755889079432233,0.6131177116135862,0.7882354932022309,0.9543978642465935,0.016148202862395378,0.9382496613841981,0.9705460671089888,0.07637571157495257,0.011859582542694501,0.06451612903225806,0.08823529411764706,0.0012338925153017044,2.8048641979694366e-05,0.00120584387332201,0.0012619411572813988
matern_grf,1,0.03,very_rough,fast_bayesian,1.0,2,2,375.0635194692775,18.937588492052214,356.12593097722527,394.0011079613297,0.02133435282263218,0.0008829234344248649,0.020451429388207314,0.022217276257057043,0.7006766024079085,0.08755889079432233,0.6131177116135862,0.7882354932022309,0.9012556337984174,0.030846609701184746,0.8704090240972328,0.9321022434996022,0.18513295729250603,0.020749395648670427,0.1643835616438356,0.20588235294117646,0.0012676920741796494,4.699453711509705e-06,0.0012629926204681396,0.001272391527891159
matern_grf,1,0.03,very_rough,tikhonov_2d,0.5,2,2,387.28490138572374,34.71047444965629,352.5744269360674,421.99537583538,0.02620876649298347,0.012059847393846291,0.014148919099137179,0.03826861388682976,0.9370584252197527,0.14882293201752167,0.788235493202231,1.0858813572372743,0.944690750836866,0.02135228584180393,0.9233384649950621,0.96604303667867,0.46256811182184315,0.28346363420990284,0.1791044776119403,0.746031746031746,0.0011742059141397476,9.220093488693237e-08,0.0011741137132048607,0.0011742981150746346
matern_grf,1,0.03,very_rough,tikhonov_2d,1.0,2,2,404.2531273569538,45.02608415875693,359.2270431981969,449.27921151571076,0.02585319146950091,0.00037866467241749746,0.025474526797083414,0.02623185614191841,0.9169683506169921,0.16891300662028225,0.7480553439967098,1.0858813572372743,1.174005890435811,0.36789880696718624,0.8061070834686248,1.5419046974029973,0.5446243254462433,0.24325446243254462,0.3013698630136986,0.7878787878787878,0.0011887871660292149,2.6529189199209213e-05,0.0011622579768300056,0.001215316355228424
matern_grf,1,0.03,very_rough,tsvd_2d,0.5,2,2,372.0717443000478,21.56498983292147,350.5067544671263,393.63673413296925,0.015390297956771968,0.007016213785744428,0.00837408417102754,0.022406511742516396,0.6600913213572446,0.39591168680020905,0.2641796345570355,1.0560030081574536,0.9943925793440342,0.002413946511889864,0.9919786328321444,0.9968065258559241,0.0,0.0,0.0,0.0,0.0037852292880415916,0.0021599670872092247,0.001625262200832367,0.005945196375250816
matern_grf,1,0.03,very_rough,tsvd_2d,1.0,2,2,371.08403489096736,20.86954894681074,350.21448594415665,391.9535838377781,0.019029220863717812,0.005962909354833782,0.013066311508884031,0.024992130218551595,0.6954477446956819,0.0823300330820958,0.6131177116135862,0.7777777777777778,0.9916738745391738,0.002225320974084899,0.9894485535650889,0.9938991955132587,0.0,0.0,0.0,0.0,0.0016221706755459309,5.858484655618668e-06,0.0016163121908903122,0.0016280291602015495
matern_grf,2,0.01,near_white_noise,fast_bayesian,0.5,2,2,373.5887045023308,20.90775689649712,352.6809476058337,394.49646139882793,0.016385300531038757,0.006203395376614534,0.010181905154424223,0.02258869590765329,0.7006766024079085,0.08755889079432233,0.6131177116135862,0.7882354932022309,0.9617343965452421,0.014701624033734428,0.9470327725115076,0.9764360205789765,0.04740957966764418,0.01710654936461388,0.030303030303030304,0.06451612903225806,0.001207172404974699,5.39654865860939e-06,0.0012017758563160896,0.0012125689536333084
matern_grf,2,0.01,near_white_noise,fast_bayesian,1.0,2,2,374.4200206235449,18.326320711774258,356.0936999117706,392.74634133531913,0.021985260131222394,0.003190401112653075,0.01879485901856932,0.02517566124387547,0.8767183813833584,0.26360066976977226,0.6131177116135862,1.1403190511531307,0.9090282634340043,0.027562538538080605,0.8814657248959238,0.936590801972085,0.17174401962788793,0.00736045798405234,0.1643835616438356,0.1791044776119403,0.0012642736546695232,2.63238325715065e-06,0.0012616412714123726,0.0012669060379266739
matern_grf,2,0.01,near_white_noise,tikhonov_2d,0.5,2,2,382.96784656517485,30.404651132582842,352.563195432592,413.3724976977577,0.021984169313091058,0.00969346099903205,0.012290708314059009,0.03167763031212311,0.9169683506169921,0.16891300662028225,0.7480553439967098,1.0858813572372743,0.8782873875603284,0.06047671428802315,0.8178106732723053,0.9387641018483516,0.428698752228164,0.2771836007130125,0.15151515151515152,0.7058823529411765,0.0012636692263185978,8.059199899435043e-06,0.0012556100264191628,0.0012717284262180328
matern_grf,2,0.01,near_white_noise,tikhonov_2d,1.0,2,2,398.95875686909494,39.35005571040219,359.6087011586927,438.3088125794971,0.021810148988484893,0.00226732201144717,0.019542826977037724,0.024077470999932064,0.9043786956578658,0.18150266157940853,0.7228760340784572,1.0858813572372743,1.0752528190541328,0.25886652471619936,0.8163862943379335,1.3341193437703323,0.5264857881136951,0.24870801033591733,0.2777777777777778,0.7751937984496124,0.001182963140308857,4.073604941368103e-06,0.0011788895353674889,0.001187036745250225
matern_grf,2,0.01,near_white_noise,tsvd_2d,0.5,2,2,372.05279649134405,21.49731970482526,350.5554767865188,393.5501161961693,0.014394432734260484,0.006699703665947251,0.007694729068313233,0.021094136400207734,0.5209787061674067,0.25679907161037113,0.2641796345570355,0.7777777777777778,0.9960218367945126,0.0020858289612544767,0.9939360078332582,0.9981076657557671,0.0,0.0,0.0,0.0,0.0016059414483606815,4.1264574974775314e-05,0.0015646768733859062,0.0016472060233354568
matern_grf,2,0.01,near_white_noise,tsvd_2d,1.0,2,2,371.07642230770864,20.81373666299899,350.2626856447097,391.89015897070766,0.01782050487799449,0.005991297908714884,0.011829206969279606,0.023811802786709375,0.6954477446956819,0.0823300330820958,0.6131177116135862,0.7777777777777778,0.9931354524240348,0.0017154956296003276,0.9914199567944345,0.9948509480536352,0.0,0.0,0.0,0.0,0.0016403975896537304,1.4110933989286423e-05,0.001626286655664444,0.0016545085236430168
moving_hotspot,0,0.6,fast,fast_bayesian,0.5,2,2,316.2978010701098,0.282017974229575,316.01578309588024,316.5798190443394,0.3373427677464331,0.005663934638307083,0.331678833108126,0.3430067023847402,0.3342596541096089,0.027700798302815827,0.3065588558067931,0.36196045241242475,0.8127354619137028,0.0017139941055673291,0.8110214678081356,0.8144494560192702,0.5856410256410256,0.001025641025641011,0.5846153846153846,0.5866666666666667,0.0012262710370123386,2.3872125893831253e-05,0.0012023989111185074,0.0012501431629061699
moving_hotspot,0,0.6,fast,fast_bayesian,1.0,2,2,319.1468246465329,0.1479472668731887,318.9988773796597,319.29477191340607,0.321725173902856,0.012397357070195902,0.3093278168326601,0.3341225309730519,0.3342596541096089,0.027700798302815827,0.3065588558067931,0.36196045241242475,0.8150578847271006,0.004135232363816965,0.8109226523632836,0.8191931170909176,0.5666383701188455,0.014006791171477073,0.5526315789473685,0.5806451612903226,0.0012019379064440727,4.014931619167328e-06,0.0011979229748249054,0.00120595283806324
moving_hotspot,0,0.6,fast,tikhonov_2d,0.5,2,2,318.79834000960403,1.2788212181795302,317.5195187914245,320.07716122778356,0.28248470402747816,0.007537699555083016,0.2749470044723951,0.29002240358256115,0.5429406786186372,0.0,0.5429406786186372,0.5429406786186372,0.6938642648572921,0.01718254302502098,0.6766817218322712,0.7110468078823131,0.6751054852320675,0.008438818565400852,0.6666666666666666,0.6835443037974683,0.0012636706233024597,5.4824165999889374e-05,0.0012088464573025703,0.001318494789302349
moving_hotspot,0,0.6,fast,tikhonov_2d,1.0,2,2,317.6392137421874,2.3024940393444524,315.33671970284297,319.9417077815319,0.282052800316823,0.015531547994588196,0.26652125232223484,0.29758434831141123,0.5429406786186372,0.0,0.5429406786186372,0.5429406786186372,0.7014925970606345,0.032933723095732836,0.6685588739649017,0.7344263201563673,0.6829486224869694,0.0005956813104988634,0.6823529411764706,0.6835443037974683,0.0012740870006382465,2.786051481962204e-06,0.0012713009491562843,0.0012768730521202087
moving_hotspot,0,0.6,fast,tsvd_2d,0.5,2,2,321.95655118289744,0.1563915149521904,321.80015966794525,322.11294269784963,0.30615941795668,0.007053614648857565,0.29910580330782244,0.31321303260553757,0.3065588558067931,0.0,0.3065588558067931,0.3065588558067931,0.8247613741577396,0.0034516093034244744,0.8213097648543152,0.8282129834611641,0.5648320895522387,0.002332089552238792,0.5625,0.5671641791044776,0.0016402732580900192,4.37907874584198e-06,0.0016358941793441772,0.0016446523368358612
moving_hotspot,0,0.6,fast,tsvd_2d,1.0,2,2,322.19548783789844,0.11704854416248622,322.078439293736,322.31253638206096,0.3003373689285648,0.014590301536954398,0.2857470673916104,0.31492767046551917,0.3065588558067931,0.0,0.3065588558067931,0.3065588558067931,0.8284679316916905,0.006508022891935528,0.821959908799755,0.8349759545836261,0.5526785714285714,0.009821428571428592,0.5428571428571428,0.5625,0.0016361456364393234,1.4355406165122986e-05,0.0016217902302742004,0.0016505010426044464
moving_hotspot,1,0.85,very_fast,fast_bayesian,0.5,2,2,331.56487340986735,0.2493886530740781,331.3154847567933,331.81426206294145,0.228632199950971,0.0034066144919148306,0.22522558545905616,0.23203881444288582,0.4247497672127151,0.11819091140592203,0.3065588558067931,0.5429406786186372,0.8398332255007355,0.00874024443922039,0.8310929810615151,0.8485734699399559,0.537130497476568,0.010814708002883922,0.5263157894736842,0.547945205479452,0.0012393617071211338,4.55235131084919e-05,0.001193838194012642,0.0012848852202296257
moving_hotspot,1,0.85,very_fast,fast_bayesian,1.0,2,2,334.3239493544385,0.158749772047031,334.1651995823915,334.48269912648556,0.21374491700150022,0.0063081252948864325,0.20743679170661378,0.22005304229638664,0.4247497672127151,0.11819091140592203,0.3065588558067931,0.5429406786186372,0.8410059252746622,0.01797375328180445,0.8230321719928578,0.8589796785564667,0.525987525987526,0.012474012474012475,0.5135135135135135,0.5384615384615384,0.0012380564585328102,1.7086975276470184e-05,0.00122096948325634,0.0012551434338092804
moving_hotspot,1,0.85,very_fast,tikhonov_2d,0.5,2,2,336.12309857190024,0.7505211512377059,335.37257742066254,336.87361972313795,0.07574523047464221,0.00600804907134856,0.06973718140329366,0.08175327954599078,0.48275893097604916,0.0,0.48275893097604916,0.48275893097604916,0.8296428874578088,0.002413643097467555,0.8272292443603413,0.8320565305552764,0.5454545454545454,0.0,0.5454545454545454,0.5454545454545454,0.0012760027311742306,1.6423407942056656e-05,0.001259579323232174,0.0012924261391162872
moving_hotspot,1,0.85,very_fast,tikhonov_2d,1.0,2,2,336.5219076167581,1.6063461026443235,334.91556151411373,338.1282537194024,0.07328493256389583,0.012071532708885283,0.06121339985501054,0.08535646527278111,0.48275893097604916,0.0,0.48275893097604916,0.48275893097604916,0.8300694465624003,0.005207244933674748,0.8248622016287256,0.8352766914960751,0.5454545454545454,0.0,0.5454545454545454,0.5454545454545454,0.0012285434640944004,4.228437319397926e-05,0.0011862590909004211,0.0012708278372883797
moving_hotspot,1,0.85,very_fast,tsvd_2d,0.5,2,2,345.29230491632416,0.21668913959126712,345.0756157767329,345.5089940559154,0.12851170727719285,0.0016932236084465507,0.12681848366874632,0.13020493088563942,0.2857142857142857,0.0,0.2857142857142857,0.2857142857142857,0.8677525386197802,0.0007588263199416745,0.8669937122998386,0.8685113649397219,0.49065568577763696,0.0028508077288565137,0.4878048780487805,0.4935064935064935,0.001621780451387167,2.8038863092660904e-05,0.001593741588294506,0.0016498193144798279
moving_hotspot,1,0.85,very_fast,tsvd_2d,1.0,2,2,345.48474655060124,0.2508132500649083,345.2339333005363,345.7355598006661,0.126529424422102,0.003518683085888659,0.12301074133621333,0.13004810750799065,0.2857142857142857,0.0,0.2857142857142857,0.2857142857142857,0.8689884753964614,0.001926203986330699,0.8670622714101307,0.8709146793827921,0.48790123456790124,0.018765432098765467,0.4691358024691358,0.5066666666666667,0.0016392944380640984,1.011975109577179e-05,0.0016291746869683266,0.0016494141891598701
moving_hotspot,2,1.0,max_speed,fast_bayesian,0.5,2,2,322.01185110031645,0.1338318256744344,321.878019274642,322.14568292599085,0.27348493093390297,0.00811133086218413,0.26537360007171884,0.2815962617960871,0.4247497672127151,0.11819091140592203,0.3065588558067931,0.5429406786186372,0.8193198435202755,0.012599309724504404,0.8067205337957711,0.8319191532447799,0.4965765765765766,0.010090090090090098,0.4864864864864865,0.5066666666666667,0.002175153698772192,0.0009185322560369968,0.0012566214427351952,0.003093685954809189
moving_hotspot,2,1.0,max_speed,fast_bayesian,1.0,2,2,324.8681812014868,0.05558988802860654,324.81259131345814,324.92377108951536,0.2591569685017564,0.015856591993701014,0.24330037650805536,0.2750135604954574,0.4247497672127151,0.11819091140592203,0.3065588558067931,0.5429406786186372,0.8200349675882812,0.02561350189979278,0.7944214656884885,0.845648469488074,0.502983502983503,0.01649701649701646,0.4864864864864865,0.5194805194805194,0.0012428052723407745,1.171603798866272e-06,0.0012416336685419083,0.0012439768761396408
moving_hotspot,2,1.0,max_speed,tikhonov_2d,0.5,2,2,378.4367960230746,37.22632514396042,341.21047087911415,415.663121167035,0.017520353381960386,0.015921412272814104,0.0015989411091462812,0.03344176565477449,0.7050474339221325,0.09192972230854635,0.6131177116135862,0.7969771562306789,0.7297638543260694,0.07413662774371382,0.6556272265823555,0.8039004820697832,0.5006229471061275,0.03148714463699176,0.4691358024691358,0.5321100917431193,0.001186236273497343,7.958617061376572e-06,0.0011782776564359665,0.0011941948905587196
moving_hotspot,2,1.0,max_speed,tikhonov_2d,1.0,2,2,370.6557534932321,27.879449745779993,342.7763037474521,398.5352032390121,0.029521703680817194,0.00017475762742299658,0.029346946053394198,0.02969646130824019,0.6895539879707719,0.10742316825990694,0.582130819710865,0.7969771562306789,0.7175374575625538,0.07956610877066428,0.6379713487918895,0.7971035663332181,0.5006229471061275,0.03148714463699176,0.4691358024691358,0.5321100917431193,0.001198283862322569,1.5003141015768051e-05,0.0011832807213068008,0.001213287003338337
moving_hotspot,2,1.0,max_speed,tsvd_2d,0.5,2,2,340.50613901707675,0.18466783024186384,340.32147118683486,340.6908068473186,0.136029334074786,0.0031643124089140023,0.13286502166587202,0.13919364648370003,0.42857142857142855,0.0,0.42857142857142855,0.42857142857142855,0.8573373387486771,0.0034685140838079387,0.8538688246648692,0.8608058528324851,0.43037974683544306,0.0,0.43037974683544306,0.43037974683544306,0.0016381754539906979,3.115972504019737e-05,0.0016070157289505005,0.0016693351790308952
moving_hotspot,2,1.0,max_speed,tsvd_2d,1.0,2,2,340.7178824486442,0.18423167728124668,340.533650771363,340.9021141259255,0.1368471241240216,0.006185392685033667,0.13066173143898793,0.14303251680905527,0.42857142857142855,0.0,0.42857142857142855,0.42857142857142855,0.8570965378038811,0.007360591806292949,0.8497359459975881,0.864457129610174,0.43037974683544306,0.0,0.43037974683544306,0.43037974683544306,0.0016598203219473362,1.338636502623558e-05,0.0016464339569211006,0.0016732066869735718
overlapping_multi_spot,0,0.12,marginal,fast_bayesian,0.5,2,2,310.44347035760114,0.6402874393594402,309.8031829182417,311.0837577969606,0.3854348210381809,0.02253205901535532,0.36290276202282556,0.4079668800535362,0.4427404978089318,0.0,0.4427404978089318,0.4427404978089318,0.8075479275121291,0.028014738326569144,0.77953318918556,0.8355626658386983,0.6341269841269841,0.0007936507936507908,0.6333333333333333,0.6349206349206349,0.001223110593855381,3.4086406230926514e-05,0.0011890241876244545,0.0012571970000863075
overlapping_multi_spot,0,0.12,marginal,fast_bayesian,1.0,2,2,313.32679385928657,1.1007497351791642,312.2260441241074,314.4275435944657,0.3803485828973205,0.043850266842834607,0.3364983160544859,0.4241988497401551,0.4023504751106783,0.040390022698253536,0.36196045241242475,0.4427404978089318,0.7990005936232558,0.05555902105124538,0.7434415725720105,0.8545596146745013,0.6179270227392915,0.005023796932839775,0.6129032258064516,0.6229508196721312,0.0012421770952641964,2.9099639505147934e-05,0.0012130774557590485,0.0012712767347693443
overlapping_multi_spot,0,0.12,marginal,tikhonov_2d,0.5,2,2,332.21781034074235,2.610817726984237,329.6069926137581,334.8286280677266,0.4837829449188853,0.025359786482529095,0.4584231584363562,0.5091427314014144,0.1809802262062124,0.0,0.1809802262062124,0.1809802262062124,10.326906240365295,1.2161803483342872,9.110725892031008,11.543086588699582,0.40442427680090753,0.014180374361883158,0.3902439024390244,0.4186046511627907,0.0012235413305461407,1.6186852008104324e-05,0.0012073544785380363,0.001239728182554245
overlapping_multi_spot,0,0.12,marginal,tikhonov_2d,1.0,2,2,357.24732660140785,11.512657164275538,345.7346694371323,368.7599837656834,0.4780645753819308,0.035301805622711596,0.4427627697592192,0.5133663810046424,0.1809802262062124,0.0,0.1809802262062124,0.1809802262062124,12.80103590398592,2.685673649355288,10.115362254630632,15.486709553341209,0.4159090909090909,0.0159090909090909,0.4,0.4318181818181818,0.001222900114953518,3.763195127248764e-05,0.0011852681636810303,0.0012605320662260056
overlapping_multi_spot,0,0.12,marginal,tsvd_2d,0.5,2,2,350.67193187324926,0.23516917158357842,350.4367627016657,350.90710104483287,0.1266760553634167,0.0010880840792734242,0.12558797128414328,0.12776413944269013,0.4223596916942369,0.060399239281812206,0.36196045241242475,0.48275893097604916,0.8977895817228474,0.002169715030256758,0.8956198666925906,0.8999592967531042,0.4956140350877193,0.004385964912280715,0.49122807017543857,0.5,0.0016687908209860325,3.3550895750522614e-06,0.0016654357314109802,0.0016721459105610847
overlapping_multi_spot,0,0.12,marginal,tsvd_2d,1.0,2,2,350.8547619330905,0.29056017960658664,350.5642017534839,351.1453221126971,0.1262144743919781,0.0020690232994665936,0.12414545109251152,0.1282834976914447,0.4223596916942369,0.060399239281812206,0.36196045241242475,0.48275893097604916,0.8979746035310576,0.004788088540635171,0.8931865149904225,0.9027626920716928,0.5257318952234207,0.01664098613251158,0.509090909090909,0.5423728813559322,0.0016752555966377258,4.134234040975571e-05,0.0016339132562279701,0.0017165979370474815
overlapping_multi_spot,1,0.05,near_merged,fast_bayesian,0.5,2,2,333.581216950853,0.5962212995130756,332.9849956513399,334.17743825036604,0.35619302603981784,0.020452247431058918,0.33574077860875895,0.3766452734708768,0.2857142857142857,0.0,0.2857142857142857,0.2857142857142857,0.8052060489338775,0.030888532875297747,0.7743175160585797,0.8360945818091752,0.6341269841269841,0.0007936507936507908,0.6333333333333333,0.6349206349206349,0.0012432504445314407,2.2093765437602997e-05,0.0012211566790938377,0.0012653442099690437
overlapping_multi_spot,1,0.05,near_merged,fast_bayesian,1.0,2,2,336.25929930144457,1.0208883557392028,335.23841094570537,337.2801876571838,0.35219359201145667,0.0397811824433108,0.31241240956814587,0.39197477445476747,0.2961365707605394,0.010422285046253699,0.2857142857142857,0.3065588558067931,0.794514670478581,0.0612653989846762,0.7332492714939048,0.8557800694632572,0.6340378197997776,0.0211345939933259,0.6129032258064516,0.6551724137931034,0.0012233108282089233,1.7459504306316376e-05,0.001205851323902607,0.0012407703325152397
overlapping_multi_spot,1,0.05,near_merged,tikhonov_2d,0.5,2,2,341.43386426257194,2.1141341363898505,339.3197301261821,343.5479983989618,0.49740069945470045,0.023904813867515667,0.47349588558718475,0.5213055133222161,0.0,0.0,0.0,0.0,30.134434109568723,3.5186672972803112,26.61576681228841,33.65310140684903,0.4193991154491383,0.014335824309897827,0.4050632911392405,0.43373493975903615,0.0012023607268929482,2.452172338962555e-05,0.0011778390035033226,0.0012268824502825737
overlapping_multi_spot,1,0.05,near_merged,tikhonov_2d,1.0,2,2,365.24034859030763,10.46384849693277,354.77650009337486,375.7041970872404,0.4937293251509408,0.033218154663713334,0.4605111704872275,0.5269474798146542,0.0,0.0,0.0,0.0,37.359978908155604,7.784449811631193,29.57552909652441,45.144428719786795,0.41689291101055803,0.006636500754147817,0.41025641025641024,0.4235294117647059,0.0011949478648602962,1.9668135792016983e-05,0.0011752797290682793,0.0012146160006523132
overlapping_multi_spot,1,0.05,near_merged,tsvd_2d,0.5,2,2,371.57302112837397,0.21949860055769932,371.35352252781627,371.79251972893167,0.11717241703528275,3.2980162607901264e-05,0.11713943687267485,0.11720539719789065,0.4390259265377566,0.0,0.4390259265377566,0.4390259265377566,0.89157481898209,0.0018039909549005806,0.8897708280271894,0.8933788099369906,0.5,0.018518518518518517,0.48148148148148145,0.5185185185185185,0.001648342702537775,1.9484665244817734e-05,0.0016288580372929573,0.0016678273677825928
overlapping_multi_spot,1,0.05,near_merged,tsvd_2d,1.0,2,2,371.7470656442101,0.2693484165703808,371.47771722763974,372.0164140607805,0.11620827950418736,2.337618413718323e-05,0.11618490332005017,0.11623165568832454,0.4909833025781969,0.05195737604044029,0.4390259265377566,0.5429406786186372,0.8921140816556967,0.0040598851875032205,0.8880541964681935,0.8961739668431999,0.5,0.018518518518518517,0.48148148148148145,0.5185185185185185,0.0016172444447875023,1.2096017599105835e-05,0.0016051484271883965,0.0016293404623866081
overlapping_multi_spot,2,0.02,unresolvable,fast_bayesian,0.5,2,2,337.70588400371844,0.5874628374888289,337.1184211662296,338.29334684120727,0.3526421045137372,0.01976745891182874,0.33287464560190844,0.3724095634255659,0.2857142857142857,0.0,0.2857142857142857,0.2857142857142857,0.7262919554326732,0.05415927532621062,0.6721326801064627,0.7804512307588839,0.6394942157654022,0.004573580844767278,0.6349206349206349,0.6440677966101694,0.0012399591505527496,3.37967649102211e-05,0.0012061623856425285,0.0012737559154629707
overlapping_multi_spot,2,0.02,unresolvable,fast_bayesian,1.0,2,2,340.34775793143,1.0031251010228175,339.3446328304072,341.3508830324528,0.34883806432235176,0.03843956093203055,0.3103985033903212,0.3872776252543823,0.2857142857142857,0.0,0.2857142857142857,0.2857142857142857,0.70487967347719,0.10739773978802752,0.5974819336891625,0.8122774132652175,0.6397849462365591,0.026881720430107503,0.6129032258064516,0.6666666666666666,0.0012171277776360512,5.8980658650398254e-06,0.0012112297117710114,0.001223025843501091
overlapping_multi_spot,2,0.02,unresolvable,tikhonov_2d,0.5,2,2,341.7183934558928,2.074274562963808,339.644118892929,343.7926680188566,0.5047132280779765,0.023160545232961877,0.48155268284501457,0.5278737733109383,0.0,0.0,0.0,0.0,100.31485356874583,11.750519142736898,88.56433442600894,112.06537271148274,0.42465967767172585,0.00907526208731027,0.4155844155844156,0.43373493975903615,0.0012254840694367886,2.7860049158334732e-05,0.0011976240202784538,0.0012533441185951233
overlapping_multi_spot,2,0.02,unresolvable,tikhonov_2d,1.0,2,2,365.477681064676,10.385808590356987,355.091872474319,375.863489655033,0.5008039712762341,0.03199750786036823,0.4688064634158659,0.5328014791366024,0.0,0.0,0.0,0.0,124.53973289162937,26.065143386917036,98.47458950471234,150.6048762785464,0.42229102167182664,0.0012383900928792657,0.42105263157894735,0.4235294117647059,0.0012500300072133541,1.2573320418596268e-05,0.0012374566867947578,0.0012626033276319504
overlapping_multi_spot,2,0.02,unresolvable,tsvd_2d,0.5,2,2,375.3307513617228,0.21543244794270322,375.1153189137801,375.5461838096655,0.1172608335068755,0.00034300058999320315,0.11691783291688229,0.1176038340968687,0.4390259265377566,0.0,0.4390259265377566,0.4390259265377566,0.8271175160613924,0.0030999597852338634,0.8240175562761586,0.8302174758466263,0.5048916841369672,0.023410202655485685,0.48148148148148145,0.5283018867924528,0.001650162972509861,3.6026351153850555e-05,0.0016141366213560104,0.0016861893236637115
overlapping_multi_spot,2,0.02,unresolvable,tsvd_2d,1.0,2,2,375.5038647922595,0.26291823220853416,375.240946560051,375.76678302446805,0.11608591567247986,0.0007752083054773304,0.11531070736700252,0.11686112397795718,0.4390259265377566,0.0,0.4390259265377566,0.4390259265377566,0.827955094389178,0.006839360115433679,0.8211157342737443,0.8347944545046116,0.50997150997151,0.02849002849002849,0.48148148148148145,0.5384615384615384,0.001657972577959299,6.715301424264908e-06,0.0016512572765350342,0.001664687879383564
